0 ISS (ZARYA)
1 25544U 98067A   26275.01380287  .00003738  00000-0  76743-4 0  9993
2 25544  51.6312 131.4121 0006946 211.9293 148.1275 15.48707684588318
0 NEMO-HD
1 46277U 20061F   26275.27993447  .00006154  00000-0  12590-3 0  9998
2 46277  97.1792 336.2228 0001947  71.0247 289.1214 15.46479708338520
0 OBJECT G
1 44885U 19093G   26275.24824810  .00002719  00000-0  19689-3 0  9997
2 44885  97.7920  10.3319 0013005  71.0962 289.1673 15.04799764368742
0 METEOR M2-2
1 44387U 19038A   26275.22866089  .00000428  00000-0  20479-3 0  9999
2 44387  98.9269 264.1531 0002341  74.2479 285.8957 14.24390771376532
0 EAGLET 1
1 43790U 18099AJ  26275.10642379  .00001852  00000-0  10664-3 0  9990
2 43790  97.4111 321.9232 0010319 344.3862  15.7050 15.13596123428507
0 RANGE A
1 43773U 18099R   26275.06468083  .00002716  00000-0  15251-3 0  9991
2 43773  97.3862 314.5126 0009462 346.5702  13.5277 15.14127135428662
0 AO-95
1 43770U 18099N   26275.10179138  .00007038  00000-0  25478-3 0  9997
2 43770  97.4260 335.0375 0007281 339.3598  20.7346 15.28697608429543
0 ES'HAIL 2
1 43700U 18090A   26274.20669840  .00000143  00000-0  00000-0 0  9996
2 43700   0.0124 237.4244 0001266 334.5555 258.1863  1.00272059 28744
0 DIWATA 2B
1 43678U 18084H   26275.25771088  .00000790  00000-0  67423-4 0  9991
2 43678  98.1153 116.1783 0012873 171.6728 188.4711 15.00767967432273
0 TEN-KOH
1 43677U 18084G   26274.50140442  .00001847  00000-0  14101-3 0  9999
2 43677  98.0712 111.3617 0010213 119.7726 240.4515 15.03290203432135
0 CARTOSAT 2F
1 43111U 18004A   26275.30453784  .00001811  00000-0  89164-4 0  9992
2 43111  97.4666 333.8191 0000530 190.7188 169.4035 15.19250363483592
0 CZ-11 R/B
1 41847U 16066G   26275.16892306  .00000833  00000-0  12493-3 0  9996
2 41847  98.3733 349.6633 0341507 164.7104 196.4725 14.44874196520241
0 ALSAT 1N
1 41789U 16059G   26275.23200162  .00000207  00000-0  42842-4 0  9991
2 41789  97.8076 273.8606 0025004 202.8373 157.1723 14.69449959535724
0 CARTOSAT 2C
1 41599U 16040A   26275.28732733  .00001971  00000-0  96676-4 0  9992
2 41599  97.4362 333.7179 0009983 116.9060 243.3196 15.19245016569974
0 LILACSAT 2
1 40908U 15049K   26275.28637628  .00012139  00000-0  18387-3 0  9990
2 40908  97.4531 316.3938 0005591 204.0693 156.0300 15.54791813612377
0 VELOX 1
1 40057U 14034E   26275.24502816  .00003607  00000-0  30540-3 0  9999
2 40057  98.2450 186.3237 0004650 286.0094  74.0615 14.98707384662637
0 CANX-4
1 40055U 14034C   26275.14629374  .00000435  00000-0  62925-4 0  9994
2 40055  98.2932 154.2958 0013462  32.0589 328.1439 14.81414843660365
0 AISAT
1 40054U 14034B   26275.26665305  .00006371  00000-0  38936-3 0  9999
2 40054  98.2328 195.5921 0007559 213.7457 146.3290 15.10646146663367
TIGRISAT
1 40043U 14033AK  26274.95962160  .00001072  00000-0  12771-3 0  9992
2 40043  97.7985  62.6482 0050291  84.4820 276.2129 14.85482758661474
0 NANOSAT C BR1
1 40024U 14033Q   26274.66374515  .00010313  00000-0  31131-3 0  9999
2 40024  98.0619 316.6997 0004262 154.1137 206.0318 15.34484197670292
0 UNISAT 6
1 40012U 14033C   26275.15462324  .00001421  00000-0  15524-3 0  9995
2 40012  97.8025  66.1148 0045879  76.2332 284.3985 14.88693122662076
0 AIST 1
1 39492U 13078C   26275.23168523  .00000358  00000-0  29320-4 0  9994
2 39492  82.4177 167.1702 0015071 280.9114  79.0411 14.96305578691254
0 HINCUBE
1 39445U 13066AF  26275.18555912  .00003576  00000-0  22509-3 0  9991
2 39445  97.8112 245.4828 0031314 203.7581 156.2203 15.09472800695663
FUNCUBE-1
1 39444U 13066AE  26274.86848185  .00004262  00000-0  25750-3 0  9995
2 39444  97.8416 248.7192 0034586 197.5398 162.4639 15.10757627695767
ZACUBE
1 39417U 13066B   26274.83223153  .00002407  00000-0  18624-3 0  9995
2 39417  97.8190 237.7564 0037670 254.0572 105.6500 15.01922989696736
0 ESTCUBE 1
1 39161U 13021C   26274.09595401  .00000709  00000-0  96455-4 0  9990
2 39161  97.7176 324.5134 0008891  37.9073 322.2765 14.81644673720703
0 CUBEBUG 1
1 39153U 13018D   26275.07319140  .00002485  00000-0  21663-3 0  9991
2 39153  98.1784  79.9035 0012461 148.4613 211.7358 14.97821725727069
0 BRITE-A TUGSAT-1
1 39091U 13009F   26274.98301217  .00000074  00000-0  39646-4 0  9990
2 39091  98.4050  91.8239 0009021 283.0154  77.0025 14.36576046712381
AAUSAT3
1 39087U 13009B   26274.49260579  .00000342  00000-0  12198-3 0  9996
2 39087  98.3730  95.9064 0010263 251.3211 108.6864 14.40044138712472
0 FENGYUN 3B
1 37214U 10059A   26275.30620623 -.00000220  00000-0 -90504-4 0  9994
2 37214  98.9505 321.7165 0021073 241.9754 208.8827 14.14858499822577
0 TISAT 1
1 36799U 10035E   26274.85965728  .00013304  00000-0  38730-3 0  9999
2 36799  98.0808 231.2526 0001770 145.7301 214.4055 15.35560793884056
0 NOAA 19
1 33591U 09005A   26275.29196127 -.00000004  00000-0  21870-4 0  9991
2 33591  98.9421 346.1901 0014802  88.0054 272.2813 14.13487718909614
0 FENGYUN 3A
1 32958U 08026A   26274.82914742  .00000044  00000-0  41466-4 0  9994
2 32958  98.6961 213.6960 0008664 173.7640 186.3646 14.19589590950534
0 YUBELEINY
1 32953U 08025A   26275.29525590 -.00000076  00000-0 -61577-3 0  9990
2 32953  82.4990 288.8192 0020700  78.9135 281.4271 12.43183085833000
0 CARTOSAT 2A
1 32783U 08021A   26275.32516789  .00000013  00000-0  84727-5 0  9994
2 32783  97.7516 320.3186 0013054 119.2826 240.9693 14.79341619994645
0 MOZHAYETS 4
1 27939U 03042A   26275.30868318  .00000301  00000-0  54526-4 0  9998
2 27939  98.3473 102.7298 0010115 292.2020 192.6984 14.73619021231324
0 NOAA 9
1 15427U 84123A   26275.09406209  .00000016  00000-0  31158-4 0  9998
2 15427  99.0926 304.1809 0015322  49.8071 330.1310 14.17090698158564
0 OSCAR 11 (UOSAT 2)
1 14781U 84021B   26275.26912705  .00000819  00000-0  88415-4 0  9998
2 14781  97.8206 239.7427 0007394 178.5179 181.6062 14.91026168273082
0 OSCAR 7
1 07530U 74089B   26275.31327762 -.00000053  00000-0 -38719-4 0  9998
2 07530 101.9912 289.6780 0011945 287.4631 142.9145 12.53699839373948
0 PROX-1
1 44339U 19036A   26274.81499407  .00008292  00000-0  75396-3 0  9999
2 44339  23.9933 120.7080 0005237 193.2858 166.7504 14.92829006389410
0 AUTCUBE 2
1 43681U 18084K   26274.56005995  .00001633  00000-0  10290-3 0  9991
2 43681  98.0584 126.3709 0009932  48.5230 311.6849 15.10670286432985
0 CZ-4B R/B
1 43656U 18081B   26274.81800909  .00000103  00000-0  48544-4 0  9991
2 43656  99.3660 201.2159 0204115 319.8090  38.8146 14.31898143414564
0 CORVUS BC1
1 42847U 17042Y   26274.91092643  .00002119  00000-0  14531-3 0  9994
2 42847  97.4227  73.1251 0013223  83.8898 276.3837 15.06997648503168
0 NORSAT 2
1 42828U 17042D   26275.13209554  .00007025  00000-0  29477-3 0  9995
2 42828  97.4116  87.0839 0009934  41.4542 318.7447 15.23744506504015
0 CARTOSAT 2E
1 42767U 17036C   26275.27043674  .00001446  00000-0  71844-4 0  9991
2 42767  97.4154 333.2333 0002347 319.7589  40.3472 15.19235894514407
0 CHUBUSAT 3
1 41339U 16012C   26275.31602412  .00002433  00000-0  10738-3 0  9995
2 41339  31.0058 350.0771 0008751  79.3394 280.8232 15.19306257584504
0 SINOD-D 1
1 40974U 15058L   26275.19773379  .00008911  00000-0  39789-3 0  9999
2 40974  64.7571 187.0169 0087385   2.2163 357.9331 15.18512851131859
0 FOX-1
1 40967U 15058D   26275.11698258  .00001229  00000-0  11691-3 0  9992
2 40967  64.7734 306.5327 0140227  16.8205 343.7486 14.91436855129512
0 LQSAT
1 40958U 15057A   26275.25601829 -.00000121  00000-0 -10241-4 0  9997
2 40958  97.6795 263.3934 0015559 287.0410  72.9096 14.76887277591115
0 UKUBE 1
1 40074U 14037F   26274.95199862  .00003438  00000-0  18889-3 0  9995
2 40074  98.4258 289.5834 0002386 128.9965 231.1477 15.14909716664713
POLYITAN-1
1 40042U 14033AJ  26274.89628711  .00011842  00000-0  33363-3 0  9991
2 40042  98.0864 311.5077 0007763 127.8286 232.3660 15.36594456669964
QB50P1
1 40025U 14033R   26274.60358394  .00004315  00000-0  20613-3 0  9999
2 40025  98.0958 293.3305 0007617 211.3915 148.6865 15.19622119669185
0 BUGSAT 1
1 40014U 14033E   26275.28787750  .00004208  00000-0  21789-3 0  9990
2 40014  98.0426  14.1726 0027544 172.3170 187.8489 15.16502702672069
UWE-3
1 39446U 13066AG  26274.87063991  .00002479  00000-0  21233-3 0  9992
2 39446  97.8823 231.7750 0047752 325.0007  34.8079 14.97658634693543
0 FENGYUN 3C
1 39260U 13052A   26275.25489694  .00000050  00000-0  46631-4 0  9999
2 39260  98.5141 244.2849 0015805  76.1563 284.1369 14.15774634673719
0 STRAND 1
1 39090U 13009E   26275.27147961  .00000143  00000-0  62462-4 0  9995
2 39090  98.3971  92.9177 0007466 271.4123  88.6208 14.37213638712446
AENEAS
1 38760U          23265.85685185  .00000000  00000-0  15764-2 0    06
2 38760  64.6448 191.4103 0027263 114.7582 355.9422 15.68528680    04
0 HORYU 2
1 38340U 12025D   26274.91947996  .00001808  00000-0  18629-3 0  9999
2 38340  98.2328  52.3576 0007847 184.5332 175.5816 14.91591915764636
0 O/OREOS (USA 219)
1 37224U 10062C   26275.20049814  .00001094  00000-0  10815-3 0  9999
2 37224  71.9703 197.8617 0015949 226.8338 133.1501 14.94087083132628
0 CARTOSAT 2B
1 36795U 10035A   26275.32680961  .00000468  00000-0  70921-4 0  9997
2 36795  97.9834 325.1242 0010892 198.2757 161.8064 14.78661087875688
0 XIWANG-1 (HOPE-1)
1 36122U 09072B   26275.25049381 -.00000202  00000-0 -41135-3 0  9999
2 36122 100.4163 227.4198 0007611 354.7753   5.3279 13.16440708807097
0 ITUPSAT 1
1 35935U 09051E   26274.97566608  .00000408  00000-0  93943-4 0  9992
2 35935  98.3947 183.1606 0006175 269.0886  90.9606 14.60569230904324
0 BEESAT
1 35933U 09051C   26274.75406488  .00000451  00000-0  10002-3 0  9997
2 35933  98.3867 183.8605 0003951 254.7992 105.2772 14.61858959904758
0 SWISSCUBE
1 35932U 09051B   26275.23546731  .00000524  00000-0  11287-3 0  9993
2 35932  98.3942 184.9415 0005531 235.4043 124.6637 14.62647026904804
0 KKS-1 (KISEKI)
1 33499U 09002H   26275.24961765  .00000732  00000-0  96171-4 0  9991
2 33499  98.1176 199.3865 0006780 310.9793  49.0833 14.83346266952068
0 EYESAT A
1 22825U 93061C   26275.19226040  .00000029  00000-0  27793-4 0  9997
2 22825  98.6771 342.5076 0009102 140.9586 219.2255 14.30964301722302
0 UWE-4
1 43880U 18111E   26275.03548151  .00033756  00000-0  54272-3 0  9991
2 43880  97.5831 208.8741 0003520 317.1489  42.9489 15.52931620427329
0 SUOMI100
1 43804U 18099AY  26274.64602137  .00007235  00000-0  24701-3 0  9990
2 43804  97.4062 334.7422 0007940 259.0977 100.9371 15.30593284429694
0 ASTROCAST-01
1 43798U 18099AS  26275.20333362  .00032535  00000-0  44752-3 0  9995
2 43798  97.4283 357.5842 0004139 180.2488 179.8765 15.57211305431043
0 ITASAT
1 43786U 18099AE  26275.08889579  .00004014  00000-0  18828-3 0  9990
2 43786  97.3906 324.4830 0011490 346.5330  13.5597 15.20175935429145
0 SNUGLITE
1 43784U 18099AC  26274.67687092  .00006483  00000-0  23194-3 0  9992
2 43784  97.3743 327.9917 0001102 260.0108 100.1008 15.29133140429587
0 SNUSAT-2
1 43782U 18099AA  26275.12924583  .00004579  00000-0  19629-3 0  9992
2 43782  97.3937 326.9064 0008317 281.4638  78.5665 15.23224086429303
OBJECT-Q
1 43772U 18099Q   26182.81231119  .08872736  25300-5  91617-3 0  9998
2 43772  97.3932 266.0295 0016550 265.7852  94.1554 16.37399568417018
0 S-NET D
1 43186U 18014G   26275.18005133  .00002568  00000-0  13146-3 0  9998
2 43186  97.5242 179.2932 0008561  19.8401 340.3163 15.17500021474983
0 S-NET C
1 43189U 18014K   26275.19822053  .00002691  00000-0  13772-3 0  9992
2 43189  97.5275 179.6218 0010014   6.8242 353.3126 15.17458824473534
0 S-NET B
1 43187U 18014H   26275.19369208  .00002656  00000-0  13596-3 0  9993
2 43187  97.5246 179.2964 0009016  14.6560 345.4933 15.17468282474981
0 S-NET A
1 43188U 18014J   26275.24427482  .00002633  00000-0  13464-3 0  9998
2 43188  97.5257 179.5764 0008927  15.4685 344.6820 15.17509577474992
0 AO-91
1 43017U 17073E   26275.25272561  .00004907  00000-0  20999-3 0  9997
2 43017  97.4518 140.2802 0145547 318.9945  40.0414 15.14131893481588
0 CZ-4C R/B
1 43012U 17072C   26275.31361754  .00000281  00000-0  65198-4 0  9993
2 43012  98.5872  26.8672 0122290 181.4319 178.6547 14.58851981472253
0 TECHNOSAT
1 42829U 17042E   26275.14434786  .00001171  00000-0  85320-4 0  9990
2 42829  97.4427  68.8681 0019152  89.0277 271.3145 15.05480958502799
0 DSAT
1 42794U 17036AF  26274.90488398  .00003244  00000-0  14891-3 0  9992
2 42794  97.5694 253.7063 0080414 150.1066 210.4797 15.18272144507041
0 QB50P2
1 40032U 14033Y   26275.24027553  .00003722  00000-0  19572-3 0  9991
2 40032  98.0816 278.9263 0007784 158.0408 202.1158 15.16345088668888
0 DTUSAT 2
1 40030U 14033W   26275.25720105  .00003269  00000-0  17324-3 0  9992
2 40030  98.0927 279.9197 0006505 220.0368 140.0384 15.16181081668906
DUCHIFAT-1
1 40021U 14033M   26260.35376336  .11546644  29318-5  71988-3 0  9995
2 40021  98.0032 334.7798 0013138 273.3726  86.6069 16.40544584670300
CUBEBUG-2
1 39440U 13066AA  26274.81648563  .00003021  00000-0  27726-3 0  9991
2 39440  97.9019 224.3460 0057964  35.1434 325.3587 14.94363516692911
0 GOMX 1
1 39430U 13066Q   26275.28689881  .00000715  00000-0  11289-3 0  9994
2 39430  97.6419 108.9980 0129399  93.1388 268.4634 14.69737645685641
0 SRMSAT
1 37841U 11058D   26274.34394337  .00000352  00000-0  47397-4 0  9999
2 37841  19.9709 136.9090 0011692 291.9870 224.2682 14.11595602772830
0 JUGNU
1 37839U 11058B   26274.59866718  .00000387  00000-0  62459-4 0  9994
2 37839  19.9616  21.9179 0018455 171.3316 304.2324 14.13802358774100
0 CUTE-1.7+APD 2
1 32785U 08021C   26275.27727682  .00002561  00000-0  16041-3 0  9998
2 32785  97.8406 259.0633 0009600  34.5080 325.6770 15.10287517  1361
0 CUBESAT XI 5
1 28895U 05043F   26275.27329515  .00000752  00000-0  12563-3 0  9994
2 28895  98.3123  73.2541 0013197 222.2809 137.7381 14.72857751117510
0 NOAA 18
1 28654U 05018A   26275.27386145  .00000020  00000-0  33458-4 0  9996
2 28654  98.8041 353.3588 0013877 202.6628 157.3934 14.13745648101449
0 CUBESAT XI 4
1 27848U 03031J   26274.92448055  .00000115  00000-0  69504-4 0  9999
2 27848  98.6804 281.7879 0008351 253.0318 106.9946 14.23666234206568
CUTE-1
1 27844U 03031E   26274.53097201  .00000149  00000-0  83366-4 0  9994
2 27844  98.6771 281.7727 0008589 232.9187 127.1207 14.24388395206815
0 PCSAT
1 26931U 01043C   26274.60244375  .00000035  00000-0  43962-4 0  9997
2 26931  67.0520 329.0270 0005950 273.9926  86.0496 14.31988141305688
0 TECHSAT 1B
1 25397U 98043D   26275.25451913  .00000009  00000-0  23982-4 0  9999
2 25397  99.0167 270.7631 0000234 274.1678  85.9473 14.24445123466574
0 NOAA 15
1 25338U 98030A   26275.24256332  .00000037  00000-0  32769-4 0  9991
2 25338  98.5043 292.9722 0010945  39.0346 321.1623 14.27172205476566
JAS-2
1 24278U 96046B   26274.55360611 -.00000049  00000-0 -14888-4 0  9994
2 24278  98.5152 108.8388 0349827 180.2301 179.8732 13.53278597487555
0 ITAMSAT
1 22826U 93061D   26275.13969863  .00000038  00000-0  31212-4 0  9990
2 22826  98.6719 342.3838 0009853 125.8330 234.3770 14.31393468722616
0 OSCAR 19 (LUSAT)
1 20442U 90005G   26274.64794698  .00000030  00000-0  27327-4 0  9998
2 20442  98.8805 299.3654 0010524 252.1917 107.8119 14.34147009917657
0 OBJECT C
1 44881U 19093C   26275.26868583 -.00000115  00000-0 -69887-5 0  9997
2 44881  97.7427 344.8387 0014919  93.8961 266.3961 14.86648129367323
0 AISTECHSAT-2
1 43768U 18099L   26275.08869641  .00002910  00000-0  15344-3 0  9991
2 43768  97.4178 320.7845 0002996 295.6909  64.4014 15.16340721428475
0 MINXSS-2
1 43758U 18099A   26275.02081848  .00035450  00000-0  53631-3 0  9995
2 43758  97.4424 354.9718 0006099 221.1607 138.9188 15.54590500430682
0 METOP-C
1 43689U 18087A   26275.26853432  .00000030  00000-0  33984-4 0  9993
2 43689  98.7312 333.0374 0000348 101.7713 258.3503 14.21475723410041
0 STARS-AO
1 43679U 18084J   26274.56065762  .00003402  00000-0  17090-3 0  9997
2 43679  98.0341 135.0985 0002827 131.7918 228.3556 15.18032928433602
0 FLYING LAPTOP
1 42831U 17042G   26275.28423241  .00000912  00000-0  74457-4 0  9993
2 42831  97.5031  67.0229 0018621 114.5097 245.8071 15.01649159502528
0 CARTOSAT 2D
1 41948U 17008A   26275.31792566  .00001137  00000-0  57079-4 0  9997
2 41948  97.3984 332.5486 0003857 217.2975 142.7992 15.19295383533848
0 PRATHAM
1 41783U 16059A   26275.24249337  .00000320  00000-0  64717-4 0  9994
2 41783  97.8418 267.4536 0029913 236.3832 123.4518 14.67310806535212
0 CANX-5
1 40056U 14034D   26275.14347171  .00000435  00000-0  62846-4 0  9999
2 40056  98.2935 154.3429 0013479  32.2985 327.9049 14.81432244651171
0 NEE 02 KRYSAOR
1 39441U 13066AB  26275.28264856  .00001175  00000-0  13241-3 0  9998
2 39441  97.8964 213.7914 0067184  78.5851 282.2901 14.86951570692112
0 VELOX-P 2
1 39438U 13066Y   26275.30957743  .00001434  00000-0  13816-3 0  9997
2 39438  97.8866 226.8910 0052154 349.5920  10.4215 14.93587371693829
0 ICUBE 1
1 39432U 13066S   26275.20053351  .00008191  00000-0  30003-3 0  9996
2 39432  97.5807 262.4545 0013845 321.0888  38.9354 15.28200310700740
0 BRITE-PL
1 39431U 13066R   26275.25555218  .00000234  00000-0  55972-4 0  9992
2 39431  97.8025  19.9593 0190397  38.4803 322.9794 14.51472229679469
0 DELFI-N3XT
1 39428U 13066N   26275.21982187  .00002305  00000-0  19953-3 0  9992
2 39428  97.8307 195.4924 0071489 209.1794 150.5425 14.96232547690625
0 CINEMA 3
1 39426U 13066L   26275.21441172  .00000560  00000-0  79162-4 0  9994
2 39426  97.8318 184.5767 0088367 224.6764 134.7305 14.78527689690266
0 CASSIOPE
1 39265U 13055A   26275.23339332  .00026885 -74224-6  26215-3 0  9993
2 39265  80.9101 295.9834 0265501  59.7031 303.0186 15.32686640684022
0 NEE 01 PEGASUS
1 39151U 13018B   26275.23365298  .00001835  00000-0  17736-3 0  9996
2 39151  98.1381  63.0580 0012713 165.7333 194.4248 14.94085962726684
0 BRITE-U UNIBRITE
1 39092U 13009G   26275.21380716  .00000079  00000-0  41482-4 0  9995
2 39092  98.4088  92.1858 0007938 278.6508  81.3779 14.36447306712359
0 SARAL
1 39086U 13009A   26275.29788487  .00000027  00000-0  25900-4 0  9993
2 39086  98.5558 100.5301 0001708  10.0411 350.0807 14.32909939710944
0 METOP-B
1 38771U 12049A   26275.25345269  .00000031  00000-0  33857-4 0  9994
2 38771  98.6385 324.5556 0003040  55.9666 304.1800 14.21462204728471
0 METEOR-M
1 35865U 09049A   26274.86954425  .00000032  00000-0  33582-4 0  9993
2 35865  98.7535 236.6425 0002596  25.8460 334.2847 14.23175746884428
0 STARS (KUKAI)
1 33498U 09002G   26275.09737855  .00002432  00000-0  22024-3 0  9998
2 33498  98.1669 226.8722 0008400 164.2828 195.8654 14.96377014954468
HAMSAT
1 28650U 05017B   26274.86960896  .00002247  00000-0  14027-3 0  9999
2 28650  97.9856 302.4989 0019718  38.7097 321.5540 15.10466103162862
0 INMARSAT 4-F1
1 28628U 05009A   26274.66217113  .00000031  00000-0  00000-0 0  9992
2 28628   5.3167  42.8144 0003158 166.0035 218.0970  1.00272560 78747
0 OPAL
1 26063U 00004C   26275.12172831  .00000071  00000-0  42795-4 0  9997
2 26063 100.2015 231.7084 0036476  92.6142 267.9216 14.37995283398658
0 ORSTED
1 25635U 99008B   26274.66181727  .00000259  00000-0  64881-4 0  9993
2 25635  96.4679 157.9240 0130830 204.4275 155.0690 14.51897678457414
0 RADIO ROSTO
1 23439U 94085A   26275.25236208 -.00000047  00000-0 -13916-3 0  9993
2 23439  64.8140 130.0610 0159589 344.7201  14.8935 11.27584078307974
0 OPS 6582 (TRANSIT 5B-5)
1 00965U 64083D   26275.25000041  .00000045  00000-0  50624-4 0  9995
2 00965  90.0877 203.9325 0040662 327.2884 187.5428 13.57020670 58132
0 M2 PATHFINDER
1 45727U 20037E   26274.50035479  .00001323  00000-0  97482-4 0  9994
2 45727  97.8113 106.9626 0011976 148.3596 211.8352 15.05066325341481
0 TAURUS-1
1 44530U 19059C   26275.26115980  .00002237  00000-0  35684-3 0  9997
2 44530  98.6512  86.8853 0008037 341.1885  18.9023 14.73008347374403
0 FORMOSAT7-4/COSMIC2-4
1 44350U 19036M   26274.60659951  .00001616  00000-0  11167-3 0  9990
2 44350  23.9976  96.8372 0001188   8.7229 351.3292 14.96870750400034
0 CENTAURI-1
1 43809U 18099BD  26274.94351578  .00002976  00000-0  15259-3 0  9993
2 43809  97.4100 324.3686 0012643 321.7915  38.2421 15.17258087428685
0 JY1SAT
1 43803U 18099AX  26274.72757625  .00011014  00000-0  30883-3 0  9999
2 43803  97.4002 338.1038 0004140 236.0238 124.0613 15.36754383429974
0 ESEO
1 43792U 18099AL  26275.06890603  .00000102  00000-0  11404-4 0  9993
2 43792  97.3876 307.8476 0011206 336.4826  23.5887 15.04496741427876
0 LUOJIA-1 01
1 43485U 18048B   26275.26883359  .00000131  00000-0  20367-4 0  9998
2 43485  97.8025 351.7135 0010023 123.9139 236.3032 14.87591263450134
0 LAPAN A3
1 41603U 16040E   26275.27741403  .00002156  00000-0  68428-4 0  9991
2 41603  97.1582 268.0019 0009999   1.9018 358.2261 15.33684233571221
HORYU-4
1 41340U 16012D   26182.79199294  .04204222 -38650-5  11151-2 0  9996
2 41340  30.9791 330.1929 0008660 346.1826  13.8606 16.27112331573163
0 CHUBUSAT 2
1 41338U 16012B   26275.28237053  .00003382  00000-0  14033-3 0  9991
2 41338  30.9983 338.0576 0008502  95.8336 264.3275 15.21804164584743
0 DX 1
1 40071U 14037C   26275.26295204  .00001073  00000-0  11708-3 0  9990
2 40071  98.4011 243.5581 0005875 289.9635  70.0948 14.90251690662056
0 METEOR M2
1 40069U 14037A   26275.27826444  .00000177  00000-0  10009-3 0  9991
2 40069  98.5271 247.2958 0006982  84.7322 275.4653 14.21487095634535
0 TRITON 1
1 39427U 13066M   26275.25088321  .00001469  00000-0  17966-3 0  9994
2 39427  97.8143 182.5835 0087736 244.9400 114.2687 14.82098744689947
0 CAPE 1
1 31130U 07012P   26275.19639972  .00000640  00000-0  12301-3 0  9996
2 31130  98.4601 252.6477 0084417  96.9546 264.1267 14.65081979 34021
0 METOP-A
1 29499U 06044A   26275.29002119  .00001007  00000-0  12065-3 0  9998
2 29499  98.3402  25.4123 0174273  87.8765 301.3412 14.76271684 41255
0 SAUDISAT 1C
1 27607U 02058C   26274.89354402  .00000389  00000-0  63991-4 0  9995
2 27607  64.5522 158.7894 0070959 242.7918 116.5945 14.83236679280283
0 BREEZE-KM R/B
1 44909U 19096E   26274.95459558  .00000007  00000-0 -83663-5 0  9991
2 44909  82.5163 268.7530 0216330 254.6764 103.0338 12.79749561316002
LAPAN-A2
1 40931U          26265.05814803  .00000000  00000-0  10000-5 0    06
2 40931   6.0006 191.5217 0012733 338.8432 319.8135 14.79311918    08
0 SEEDS
1 32791U 08021J   26274.95314026  .00011188  00000-0  32093-3 0  9993
2 32791  97.7576 278.2605 0000789   3.1878 356.9370 15.36062110  3658
0 CORVUS BC2
1 42846U 17042X   26275.19327044  .00002323  00000-0  15953-3 0  9996
2 42846  97.4197  72.5159 0014201 104.2329 256.0477 15.06846412503175
0 AMSAT OSCAR 40
1 26609U 00072B   26274.75359938 -.00000383  00000-0  00000-0 0  9997
2 26609   9.3223 333.9538 7938269 212.4547  52.8947  1.25589366118850
0 DEORBITSAIL
1 40719U 15032E   26275.03613369  .00003668  00000-0  26183-3 0  9991
2 40719  97.5745 129.8767 0011197 228.7137 131.3126 15.05096861607314
0 OSCAR 10
1 14129U 83058B   26263.04235857 -.00000060  00000-0  00000-0 0  9991
2 14129  25.9788 204.0605 5980330 141.6651 281.5604  2.05869937297448
0 ERS 20 (OV5-3)
1  2768U 67040D   75042.57142285 -.00000859  00000-0  10000-3 0  9999
2  2768  35.1200 158.1261 7498300 182.8409 167.1313  0.50865911 13857
0 OBJECT BS
1 43822U 18099BS  26274.93942503  .00002717  00000-0  14753-3 0  9992
2 43822  97.4199 322.5418 0007152 353.3468   6.7669 15.15340869422387
0 OBJECT P
1 43771U 18099P   26275.15007211  .00012506  00000-0  33881-3 0  9998
2 43771  97.4120 339.6376 0006432 255.4521 104.6011 15.37782033429965
0 OBJECT T
1 43775U 18099T   26275.07811956  .00001825  00000-0  11401-3 0  9998
2 43775  97.4095 315.9953 0004547 333.2090  26.8905 15.10666766428454
0 OBJECT D
1 43761U 18099D   26274.54516000  .00000763  00000-0  55041-4 0  9995
2 43761  97.4078 311.4350 0010929 349.4391  10.6606 15.06928391428129
SDS 3F5
1 32378U 07060A   25165.82553699 0.00000000  00000-0  00000-0 0    05
2 32378  63.9520 169.3856 7029490 266.5714  93.4286  2.00596936    02
0 SALSAT
1 46495U 20068K   26274.91233420  .00004082  00000-0  13864-3 0  9998
2 46495  97.8885 284.6082 0007658 291.5448  68.4975 15.31105810331689
0 NETSAT-1
1 46506U 20068W   26274.53573821  .00007965  00000-0  22388-3 0  9995
2 46506  97.8782 282.6904 0004561  18.2741 341.8665 15.36808661331626
0 NETSAT-2
1 46507U 20068X   26275.00917622  .00014460  00000-0  25934-3 0  9998
2 46507  97.8606 292.4727 0002733 356.7054   3.4177 15.50043496332263
0 NETSAT-3
1 46505U 20068V   26275.03827967  .00013055  00000-0  26919-3 0  9994
2 46505  97.8658 290.2422 0003286 336.6891  23.4207 15.46035182332170
0 NETSAT-4
1 46504U 20068U   26275.01716177  .00013699  00000-0  27106-3 0  9994
2 46504  97.8599 292.1248 0003014 307.7173  52.3802 15.47228711332277
0 DEKART
1 46493U 20068H   26275.33096348  .00006939  00000-0  17914-3 0  9992
2 46493  97.8739 292.4600 0006641 261.2850  98.7642 15.39488745332249
0 NORBI
1 46494U 20068J   26275.27834337  .00017845  00000-0  28979-3 0  9995
2 46494  97.8575 301.0280 0004613 203.1573 156.9472 15.52785523332802
0 ATLAS 5 CENTAUR DEB
1 44694U 18079BG  26273.09819700 -.00000125  00000-0  00000-0 0  9995
2 44694  13.7366  30.7517 4712564 315.8911  15.0180  1.77403298 48429
0 LES 1
1 01002U 65008C   26275.07299761  .00000010  00000-0  25580-3 0  9999
2 01002  32.1394 151.5011 0015237 295.6629  64.2294  9.88355018226765
0 SOLRAD 7B
1 01291U 65016D   26275.23760196 -.00000013  00000-0  29227-4 0  9998
2 01291  70.0819   8.6712 0022261 333.9201  26.0782 13.94985780131631
0 ALOUETTE 2
1 01804U 65098A   26275.18579144  .00000552  00000-0  17636-3 0  9990
2 01804  79.8015 185.6281 1331087  15.6090 348.2172 12.28446294692411
0 OV3-3
1 02389U 66070A   26275.27412340  .00004386  00000-0  19684-3 0  9998
2 02389  81.3243 236.3275 1001347 239.2087 110.6783 13.47517671613389
0 ERS 15
1 02412U 66077C   26274.41055050  .00000002  00000-0  00000-0 0  9998
2 02412  90.3252 278.4747 0006115 321.8885  38.1533  8.59079901399584
0 ISIS 1
1 03669U 69009A   26275.02390068  .00000052  00000-0  25152-4 0  9994
2 03669  88.4355 132.6617 1707794  32.5986 336.9739 11.30452133371849
0 OPS 7613 (P/L 4)
1 04237U 69082E   26275.30466272  .00000008  00000-0  44485-4 0  9990
2 04237  70.0136 235.0533 0021304 342.8979 166.9705 13.96009818901254
0 OPS 7613 (P/L 1)
1 04256U 69082B   26274.96733874  .00000025  00000-0  53969-4 0  9993
2 04256  70.0072  95.6200 0022079 284.0385  75.8268 13.99219005905400
0 SHINSEI (MS-F2)
1 05485U 71080A   26275.29316695  .00000017  00000-0  55358-5 0  9990
2 05485  32.0558 359.6764 0639684  27.2547 336.0170 12.74258299562923
0 OPS 7898 (P/L 2)
1 05680U 71110C   26275.05221454 -.00000020  00000-0  31337-4 0  9998
2 05680  69.9885 142.3825 0006807  16.0932 344.0378 13.74766015362902
0 EUTE 1-F4 (ECS 4)
1 18351U 87078B   26274.87232777  .00000025  00000-0  00000-0 0  9999
2 18351  13.7545 341.3724 0007941  36.4265   9.8718  0.98687005127811
0 MAKERSAT 0
1 43016U 17073D   26275.15757303  .00013072  00000-0  32100-3 0  9997
2 43016  97.4427 158.6945 0096038 250.9555 108.1268 15.36073802482863
0 CLUSTER II-FM7
1 26410U 00041A   26228.35648488  .00204628 -13535-2  00000+0 0  9995
2 26410 149.5559  61.8704 9119992 279.7536 359.6603  0.44877167 20578
0 CLUSTER II-FM6
1 26411U 00041B   24252.84969984  .00055454 -32453-3  00000+0 0  9994
2 26411 150.0714  39.2512 9137785 255.7698   0.1508  0.44419796 28488
0 CLUSTER II-FM5
1 26463U 00045A   25293.57799104  .00003729  00000-0  00000-0 0  9994
2 26463 145.9975  98.1036 9083513 317.9304   1.7530  0.45057109 19104
0 CLUSTER II-FM8
1 26464U 00045B   26242.68406919  .00218879 -14532-2  00000+0 0  9992
2 26464 149.4895  65.8568 9133957 283.7320   2.2648  0.44936442 20644
0 OBJECT G
1 40905U 15049G   26275.11833434  .00051472  00000-0  32847-3 0  9992
2 40905  97.4397 326.2952 0005065 155.9659 204.1843 15.76230295613231
0 CARTOSAT 3
1 44804U 19081A   26275.31742844  .00001165  00000-0  58335-4 0  9995
2 44804  97.4182 335.3865 0012574 135.4837 224.7410 15.19288180379738
0 LINGQIAO VIDEO A
1 40959U 15057B   26275.30004781  .00000388  00000-0  61182-4 0  9991
2 40959  97.6731 264.8800 0015242 283.3819  76.5693 14.77508077591229
0 LINGQIAO VIDEO B
1 40960U 15057C   26275.26892711  .00000485  00000-0  74521-4 0  9995
2 40960  97.6691 265.9828 0015405 283.4136  76.5358 14.77616788591263
0 JILIN-1-03
1 41914U 17002B   26275.30521803  .00008109  00000-0  18020-3 0  9995
2 41914  97.1983 281.0821 0007159 129.0333 231.1554 15.43913625538379
0 JILIN 1
1 40961U 15057D   26275.23388613  .00000313  00000-0  49720-4 0  9997
2 40961  97.6593 269.3384 0015380 275.8314  84.1144 14.78291756591426
0 JILIN-01-04
1 43022U 17074A   26275.30033328  .00009497  00000-0  20362-3 0  9999
2 43022  97.4926  28.0129 0004159 153.4061 206.7402 15.44957582490791
0 JILIN-01-05
1 43023U 17074B   26275.25232882  .00005417  00000-0  16017-3 0  9990
2 43023  97.4918  23.0027 0004540 193.3302 166.7822 15.35352399490426
0 JILIN-01-06
1 43024U 17074C   26275.25025619  .00003621  00000-0  10988-3 0  9995
2 43024  97.4836  19.8374 0006047 207.4266 152.6659 15.34761709490255
0 JILIN-01-07
1 43159U 18008E   26275.29353795  .00005045  00000-0  14498-3 0  9997
2 43159  97.1749 292.4682 0009212  43.4034 316.7935 15.36221133481437
0 JILIN-01-08
1 43160U 18008F   26275.24812831  .00003585  00000-0  10830-3 0  9998
2 43160  97.1793 291.6034 0007639  59.6946 300.5052 15.34854659481368
0 JILIN-01-09
1 43943U 19005B   26275.28901500  .00002624  00000-0  12048-3 0  9997
2 43943  97.4732   9.3909 0003667  85.0519 275.1135 15.21286804425425
0 JILIN-01-10
1 43946U 19005E   26275.25575384  .00003416  00000-0  13283-3 0  9996
2 43946  97.4802  14.1477 0006531 258.6188 101.4317 15.26717147425644
0 CSSWE
1 38761U 12048D   26275.19733677  .00023391  00000-0  41231-3 0  9997
2 38761  64.6614  89.4751 0026813 131.2404 229.1053 15.50002823132951
FIREBIRD-B
1 39464U 13072C   24128.45952140 +.00019470 +00000+0 +11355-2 0    17
2 39464 120.4762  11.1310 0183873 288.8384  69.2821 14.98949398559739
0 IPEX
1 39471U 13072K   26275.25251913  .00006562  00000-0  30546-3 0  9997
2 39471 120.4644 345.6536 0168538 112.2995 249.6035 15.09797436131396
0 CP5
1 38763U 12048F   26275.08045660  .00007243  00000-0  24274-3 0  9991
2 38763  64.6430 158.7151 0060912 137.3236 223.2650 15.29926365133109
0 PROSPERO (BLACK ARROW)
1 05580U 71093A   26275.22571779  .00000505  00000-0  10628-3 0  9990
2 05580  82.0413 196.8628 0498866 280.2353  74.2939 14.01882264763525
0 CUBEL
1 47448U 21006AM  26275.11054043  .00013703  00000-0  29644-3 0  9998
2 47448  97.2199 324.8571 0007373 136.1382 224.0454 15.44562894316245
0 SECOR 4 (EGRS 4)
1 01315U 65027B   26275.29553609  .00000066  00000-0  21658-3 0  9998
2 01315  90.2609  18.0343 0029401 281.2085 103.0690 12.92669130900769
0 UNISAT 7
1 47945U 21022P   26274.72900528  .00009640  00000-0  22007-3 0  9993
2 47945  97.3767 180.8921 0010281  57.4796 302.7444 15.43033241306277
0 OBJECT F
1 47937U 21022F   26275.30782958  .00005244  00000-0  15896-3 0  9998
2 47937  97.3749 175.9430 0011458  71.7970 288.4519 15.34517682306132
0 OBJECT X
1 47953U 21022X   26252.94715253  .06847055  25781-5  66902-3 0  9997
2 47953  97.3670 177.2436 0008034 203.0342 157.0597 16.38318135303965
0 HJ-1A
1 33320U 08041A   26275.30074743  .00000573  00000-0  74445-4 0  9997
2 33320  97.6814 257.0790 0019600 142.6917 217.5664 14.84183827974292
0 HJ-1B
1 33321U 08041B   26275.25216648  .00000858  00000-0  10959-3 0  9999
2 33321  97.6644 259.8732 0035659 189.6458 170.4076 14.83481572974283
0 TURKSAT 3U
1 39152U 13018C   26274.78153952  .00001598  00000-0  14402-3 0  9991
2 39152  97.7897   5.1887 0012855 104.2857 255.9793 14.96950490727032
0 CSS (TIANHE-1)
1 48274U 21035A   26275.31617441  .00013201  00000-0  16110-3 0  9994
2 48274  41.4698  31.4342 0002186 321.2760  38.7921 15.60226994309897
0 SIRION PATHFINDER-2
1 43759U 18099B   26274.92014143  .00002222  00000-0  12147-3 0  9996
2 43759  97.4137 321.4303 0007049 293.5294  66.5197 15.15294837428789
0 MEGSAT 1
1 26546U 00057B   26275.20675974  .00001548  00000-0  11625-3 0  9993
2 26546  64.5469  86.0324 0044115 271.8143  87.7922 15.05970514413777
0 FARADAY_PHOENIX
1 48924U 21059AX  26230.23662953  .05800316  26793-5  56717-3 0  9997
2 48924  97.6371  76.5308 0011721 280.5759  79.4219 16.38155079287531
0 DEMO8(TENZING)
1 48951U 21059CA  26274.54549180  .00014507  00000-0  18885-3 0  9991
2 48951  97.6941 116.3634 0005174 324.8303  35.2610 15.58859333293853
0 SPARTAN
1 48964U 21059CP  26268.54024119  .05091515  26921-5  58584-3 0  9992
2 48964  97.6433 122.6059 0006331 256.0021 104.0572 16.36888406293912
0 FENGYUN 3D
1 43010U 17072A   26275.26833087  .00000507  00000-0  26128-3 0  9998
2 43010  99.0279 251.6953 0002471  93.1309 267.0149 14.19759663460185
0 FENGYUN 3E
1 49008U 21062A   26275.31113340 -.00000098  00000-0 -25236-4 0  9991
2 49008  98.7557 277.5533 0002456 116.7735 243.3692 14.19911740271784
0 ISS (NAUKA)
1 49044U 21066A   26275.01380287  .00003738  00000-0  76743-4 0  9999
2 49044  51.6312 131.4121 0006946 211.9293 148.1275 15.48707684587004
0 ELEKTRO-L 3
1 44903U 19095A   26274.97020104 -.00000036  00000-0  00000-0 0  9998
2 44903   0.1060  69.8721 0002882  95.1173 211.6372  0.99415047 24779
0 NOAA 20
1 43013U 17073A   26275.28094875  .00000053  00000-0  45931-4 0  9998
2 43013  98.7845 213.8183 0000851  32.5723 327.5506 14.19528676459663
0 ANGELS
1 44876U 19092D   26117.66670223  .09102593  25597-5  62771-3 0  9997
2 44876  97.3862 337.5251 0009038 257.4278 102.6011 16.40735846354431
0 PROBA 1
1 26958U 01049B   26275.32081903  .00001318  00000-0  87596-4 0  9994
2 26958  97.9612 287.6372 0055624 119.6563 241.0219 15.07844448359768
0 CUPID
1 49264U 21088E   26275.16002862  .00003927  00000-0  14943-3 0  9996
2 49264  97.3744 335.1333 0012789  52.0295 308.2098 15.27276795276503
0 ZHUHAI-1 OHS-02
1 43441U 18040C   26275.32445969  .00003233  00000-0  12408-3 0  9992
2 43441  97.0333 293.3154 0008361 197.4594 162.6359 15.27105185130626
0 PERSEUS M1
1 40039U 14033AF  26275.27044503  .00001470  00000-0  13672-3 0  9998
2 40039  97.9747 221.2269 0010119 307.0940  52.9354 14.95919772666640
0 ORBCOMM FM 36
1 25984U 99065E   26274.58614066  .00000506  00000-0  20694-3 0  9999
2 25984  45.0400  14.4045 0004388 173.9854 186.1049 14.39363584402316
0 DMSP 5D-2 F15 (USA 147)
1 25991U 99067A   26275.29761840  .00000055  00000-0  49292-4 0  9996
2 25991  98.9862 315.1412 0010872  61.4840   3.2771 14.17590507385823
0 GEOSAT
1 15595U 85021A   26274.92217514 -.00000013  00000-0  38894-4 0  9994
2 15595 108.0461 303.5881 0002582 263.7680  96.3168 14.40009150178131
0 FORTE
1 24920U 97047A   26274.91872294  .00000050  00000-0  43328-4 0  9996
2 24920  69.9520 132.9386 0019847 138.1127 222.1518 14.27979093513926
0 LEMUR 2 FURIAUS
1 42840U 17042R   26274.49044583  .00010254  00000-0  31939-3 0  9990
2 42840  97.3809  92.6329 0007472  49.6328 310.5565 15.33435600504485
0 ZHUHAI-1 OVS-02
1 43440U 18040B   26275.27179117  .00003153  00000-0  12461-3 0  9994
2 43440  97.0380 286.2302 0002233 205.8190 154.2938 15.26165100469044
0 3CAT-5/A (TYVAK-0161)
1 46292U 20061W   26275.11809029  .00011439  00000-0  21195-3 0  9993
2 46292  97.2277 338.0454 0003096  98.9970 261.1632 15.49147256337565
0 3CAT-5/B (TYVAK-0162)
1 46293U 20061X   26275.25372387  .00011473  00000-0  20013-3 0  9997
2 46293  97.2247 339.3947 0003906  93.9881 266.1818 15.50862498337633
0 SEAHAWK-1
1 43820U 18099BQ  26274.66391393  .00004626  00000-0  19218-3 0  9997
2 43820  97.3834 325.5712 0006412 299.4382  60.6215 15.24295482428745
0 GLOBAL-4
1 44499U 19054E   26274.63702052  .00064504  00000-0  37776-3 0  9997
2 44499  45.0041 336.8226 0007806   6.4709 353.6293 15.77466266397092
0 TIANQI-6
1 46810U 20076D   26274.89756459  .00002091  00000-0  13582-3 0  9992
2 46810  34.9979 113.2368 0010035  25.7720 334.3488 15.07761568324691
0 WNISAT 1R
1 42835U 17042L   26275.15361587  .00001267  00000-0  10066-3 0  9996
2 42835  97.4966  67.5173 0010364 123.0403 237.1819 15.02150956502564
0 FORMOSAT7-3/COSMIC2-3
1 44343U 19036E   26274.95832009  .00003061  00000-0  16052-3 0  9991
2 44343  23.9981 163.2815 0000914 101.7070 258.3536 15.10486424399400
0 FORMOSAT7-1/COSMIC2-1
1 44349U 19036L   26274.65072148  .00001585  00000-0  10910-3 0  9990
2 44349  23.9985  34.4307 0000739   8.4660 351.5854 14.96864871400623
0 FORMOSAT7-2/COSMIC2-2
1 44351U 19036N   26274.96241005  .00001691  00000-0  11810-3 0  9995
2 44351  23.9973 148.7575 0000596  18.3131 341.7392 14.96869986399608
0 FORMOSAT7-6/COSMIC2-6
1 44353U 19036Q   26275.29480968  .00001641  00000-0  11382-3 0  9996
2 44353  23.9985 327.3170 0000755 275.7222  84.3193 14.96879015397887
0 FORMOSAT7-5/COSMIC2-5
1 44358U 19036V   26275.27320593  .00001607  00000-0  11092-3 0  9996
2 44358  23.9983 266.2354 0000394  49.9422 310.1114 14.96875102398413
0 TYVAK-0172
1 46267U 20059C   26096.83989262  .14635205  28105-5  16297-2 0  9995
2 46267  97.7020 342.8884 0007965 229.9948 130.0651 16.37139113307583
0 NAPA-1
1 46320U 20061BA  26274.95402463  .00181281  13944-4  60475-3 0  9999
2 46320  97.2297 354.0077 0002796 224.1749 135.9302 15.90227974338566
0 TYVAK-0173
1 48892U 21059P   26274.94367113  .00000751  00000-0  98307-4 0  9997
2 48892  95.9965 324.7167 0009995  37.3568 322.8343 14.82148803284053
0 MANDRAKE 2 ABLE
1 48907U 21059AE  26274.79153935  .00016198  00000-0  20862-3 0  9994
2 48907  97.6970 113.0419 0003537 334.6431  25.4650 15.59125426293713
0 TYVAK-0130
1 48606U 21041BF  26275.29842978  .00003167  00000-0  12397-3 0  9995
2 48606  52.9934 248.1484 0010466 137.7263 222.4543 15.28827648296768
0 TYVAK-182A
1 48271U 21034D   26274.86340784  .00002119  00000-0  14585-3 0  9992
2 48271  97.5598 331.9194 0004961 340.1499  19.9535 15.06946765295891
0 MANDRAKE 2 BAKER
1 48908U 21059AF  26274.56092493  .00022400  00000-0  22932-3 0  9994
2 48908  97.6915 116.4969 0002090 335.0585  25.0572 15.65016849293903
0 Z-SAT
1 49399U 21102E   26275.27120341  .00001908  00000-0  94332-4 0  9995
2 49399  97.3243 307.3461 0014897 229.1742 130.8202 15.18940014269695
0 TEIKYOSAT-4 (OORURI)
1 49396U 21102B   26275.03296258  .00000980  00000-0  64373-4 0  9998
2 49396  97.3610 300.3500 0010319 287.6536  72.3566 15.09812197268841
0 OBJECT D
1 49398U 21102D   26274.67905911  .00006185  00000-0  19954-3 0  9999
2 49398  97.3088 315.5252 0008727 172.8913 187.2454 15.32468782270329
0 KOSEN-1
1 49402U 21102H   26275.05111099  .00004500  00000-0  16653-3 0  9996
2 49402  97.3080 315.1690 0013230 181.3786 178.7419 15.28108034270330
0 XW-3 (CAS 9)
1 50466U 21131B   26275.30413781  .00000090  00000-0  41282-4 0  9998
2 50466  98.4970   7.1087 0005010 127.9613 232.2030 14.41435558250546
0 PROBA V
1 39159U 13021A   26275.16203419  .00000031  00000-0  31751-4 0  9997
2 39159  98.3737 248.5587 0004263 163.8275 196.3041 14.23615477696333
0 PROBA 2
1 36037U 09059B   26274.97874758  .00000081  00000-0  29468-4 0  9990
2 36037  98.2479  96.8864 0012361 314.9638  45.0556 14.54898666897059
0 SMAP
1 40376U 15003A   26275.29369321  .00000183  00000-0  44463-4 0  9993
2 40376  98.1317 280.8919 0001443  88.6687 271.4681 14.63380318623280
0 HAIYANG 1B
1 31113U 07010A   26275.19160745  .00000037  00000-0  29980-4 0  9994
2 31113  98.3636 252.9540 0012318 242.6010 117.3921 14.31048472 15940
0 HYPSO-1
1 51053U 22002BX  26275.28168896  .00174304  13485-4  49816-3 0  9995
2 51053  97.2674   2.2270 0005357 254.3209 105.7475 15.93226629263824
0 BRO-5
1 51061U 22002CF  26275.26074399  .00008656  00000-0  15021-3 0  9998
2 51061  97.2893 350.1394 0004866 291.8978  68.1756 15.51094853262831
0 ION SCV-004
1 50993U 22002K   26275.10282155  .00002931  00000-0  99337-4 0  9998
2 50993  97.2706 330.7442 0006458 346.1168  13.9895 15.31327262261651
0 ION SCV-004
1 50993U 22002K   26275.10282155  .00002931  00000-0  99337-4 0  9998
2 50993  97.2706 330.7442 0006458 346.1168  13.9895 15.31327262261651
0 AIST 2
1 39133U 13015D   26275.28568663  .00003429  00000-0  13547-3 0  9996
2 39133  64.8671 266.8605 0013860 258.7625 101.1948 15.27264095740252
0 OBJECT V
1 52751U 22057V   26275.30050733  .00005578  00000-0  14320-3 0  9997
2 52751  97.6772  68.5015 0006893  77.4139 282.7876 15.39744705242184
0 ION SCV-006
1 52761U 22057AF  26274.93328393  .00007528  00000-0  14781-3 0  9994
2 52761  97.6240  68.9588 0017483  88.3786 271.9466 15.47472695242618
0 OBJECT D
1 43834U 18102D   26275.05671709  .00243506  24353-4  71576-3 0  9991
2 43834  97.3326  10.6490 0003115 270.7798  89.3119 15.92685413434099
0 OBJECT C
1 44312U 19032C   26274.96957051  .00006685  00000-0  20400-3 0  9996
2 44312  44.9731 128.3031 0007913 219.4969 140.5340 15.34685501404230
0 KAZEOSAT 1
1 39731U 14024A   26275.29217788  .00000070  00000-0  34413-4 0  9996
2 39731  98.3107 345.0168 0001462  86.6690 273.4668 14.42067909653998
0 GLOBAL-2
1 43812U 18099BG  26274.64115792  .00001732  00000-0  11285-3 0  9994
2 43812  97.3472 306.7153 0006911 137.1919 222.9849 15.09160574427967
0 BRITE TORONTO
1 40020U 14033L   26275.18020680  .00000418  00000-0  70633-4 0  9990
2 40020  97.9883  42.2292 0077135 294.7984  64.5214 14.72830132657965
0 BRITE-PL 2
1 40119U 14049B   26274.87771773  .00001168  00000-0  11236-3 0  9993
2 40119  97.9185  27.7728 0015236 113.2633 247.0193 14.94901127657388
0 SHERPA-AC1
1 52763U 22057AH  26275.23249769  .00004660  00000-0  12868-3 0  9997
2 52763  97.6836  69.1341 0008595  74.0708 286.1483 15.37574775242147
0 HILAT
1 14154U 83063A   26274.93441222  .00000214  00000-0  64103-4 0  9998
2 14154  82.0226  61.7643 0038526 328.4882 153.4671 14.38763814262937
0 AII-BRAVO
1 48270U 21034C   26274.94893957  .00002186  00000-0  16195-3 0  9998
2 48270  97.5508 327.4092 0003993 256.5951 103.4830 15.04148335295662
0 LEMUR 2 KADI
1 43184U 18014E   26155.55157302  .12960309  26026-5  47900-3 0  9995
2 43184  97.4333  87.1754 0013292 239.3082 120.6910 16.42905433459090
0 OMNI-L2
1 52771U 22057AR  26275.11022047  .00000520  00000-0  72522-4 0  9996
2 52771  97.4600 330.2283 0005949 345.6418  14.4626 14.81385059236221
0 BRO-6
1 52422U 22047AE  26275.24339584  .00036396  00000-0  46798-3 0  9994
2 52422  97.3351   8.9746 0004112  41.1131 319.0435 15.58994056247783
0 OBJECT L
1 44889U 19093L   26275.29344456  .00001222  00000-0  11694-3 0  9995
2 44889  97.7472 352.2768 0012813  58.1058 302.1407 14.94976115367804
0 OBJECT H
1 44886U 19093H   26275.27101594  .00001688  00000-0  15726-3 0  9990
2 44886  97.7977   2.8934 0013181  71.3539 288.9111 14.95568607368183
0 OBJECT F
1 44315U 19032F   26116.08672172  .07634054  10452-4  95146-3 0  9994
2 44315  44.9557 153.4418 0002336  17.0554 343.0447 16.35144130381404
0 CBERS 2B
1 32062U 07042A   26274.86035767  .00000143  00000-0  57043-4 0  9990
2 32062  98.4018 217.6899 0031427  15.8345  48.6309 14.41518629    34
0 PEGASUS R/B
1 22491U 93009C   26274.96561920  .00000600  00000-0  82998-4 0  9994
2 22491  24.9767 138.0059 0043916 178.6049 181.4589 14.58079552785236
0 NOAA 2 (ITOS-D)
1 06235U 72082A   26275.08263765 -.00000044  00000-0  16550-4 0  9994
2 06235 102.0057 294.8163 0003945 331.1028  43.8551 12.53218238468341
0 DMC 2
1 35683U 09041C   26275.32909617  .00000155  00000-0  29687-4 0  9995
2 35683  97.8997  47.7789 0001013  88.9494 271.1832 14.76157605922374
0 DMC 3-FM1
1 40715U 15032A   26275.28525687 -.00000256  00000-0 -23520-4 0  9994
2 40715  97.6281 136.1769 0006983  64.9685 295.2255 14.85828156605817
0 DMC 3-FM2
1 40716U 15032B   26275.23943796  .00000332  00000-0  43972-4 0  9991
2 40716  97.6330 137.7777 0007512  69.9331 290.2693 14.85838499605802
0 DMC 3-FM3
1 40717U 15032C   26275.26358499  .00000772  00000-0  94597-4 0  9992
2 40717  97.6379 139.6193 0006825  70.2009 289.9943 14.85828840605815
0 SSTL S1-4
1 43618U 18071A   26275.19635361  .00000631  00000-0  56084-4 0  9992
2 43618  97.4736 142.4170 0006869 253.6855 106.3614 14.99435798438940
0 MOHAMMED VI-B
1 43717U 18095A   26275.27689189 -.00000224  00000-0 -24554-4 0  9991
2 43717  97.9458 346.0676 0001465 101.5736 258.5638 14.77105814423999
0 MOHAMMED VI-A
1 43005U 17070A   26275.31083459  .00000621  00000-0  95097-4 0  9995
2 43005  97.9460 346.1092 0001314  82.3977 277.7382 14.77085382479796
0 OBJECT S
1 51840U 22019S   26121.31511215  .17660270  25644-5  15609-3 0  9992
2 51840  97.3405 219.2395 0012643 277.8999  82.0872 16.51358146232864
0 CARBONITE 1
1 40718U 15032D   26275.27578593  .00000111  00000-0  19535-4 0  9999
2 40718  97.6574  88.9310 0013316 307.2180  52.7819 14.83856699605220
0 STEP CUBE LAB-II
1 52897U 22065D   26275.28092218  .00000452  00000-0  96588-4 0  9991
2 52897  98.2392  58.9608 0009601  54.4891 305.7205 14.63437407227168
0 RANDEV
1 52898U 22065E   26275.32182781  .00000365  00000-0  79184-4 0  9998
2 52898  98.2378  59.4008 0008932  54.9047 305.2991 14.63830442226923
0 SNUGLITE-II
1 52899U 22065F   26275.23540517  .00000516  00000-0  10647-3 0  9990
2 52899  98.2361  59.9861 0008365  54.1902 306.0076 14.64507770226660
0 AISSAT 1
1 36797U 10035C   26274.98323299  .00000708  00000-0  65806-4 0  9991
2 36797  98.0790 177.9412 0009975  63.9741 296.2506 14.97720685880205
0 STARLINK-2342
1 47883U 21021Z   26221.29382532  .10265833  12504-4  34182-3 0  9998
2 47883  53.1310 236.0585 0005207 288.2631  71.7852 16.44437377300388
0 MIMAN
1 52900U 22065G   26275.16484557  .00000267  00000-0  62899-4 0  9996
2 52900  98.2425  57.2143 0008586  57.4990 302.7040 14.61937456226070
0 YOUTHSAT
1 37388U 11015B   26275.25553427  .00000110  00000-0  63862-4 0  9993
2 37388  98.3836 244.5543 0015196  31.6688  24.0448 14.25666341802896
0 IRS 1B
1 21688U 91061A   26274.91042065  .00000230  00000-0  19463-3 0  9991
2 21688  99.4140 285.5305 0025443  73.4979 351.5689 13.97888803683402
EXPLORER 50 (IMP-8)
1 06893U 73078A   25196.57914163 -.00001058  00000+0  00000+0 0  9993
2 06893   9.0739 118.5325 1991774 108.5150   0.8671  0.08284795 11624
0 GOES 17
1 43226U 18022A   26275.27128253 -.00000188  00000-0  00000-0 0  9990
2 43226   1.2063  83.8658 0001428 155.7797 139.5212  1.00269656 31490
0 ATS 5
1 04068U 69069A   26275.26447502  .00000042  00000-0  00000-0 0  9996
2 04068   0.4443 116.1922 0005957 156.4259  34.3596  0.99493746 47399
0 OBJECT C
1 53107U 22080C   23025.30817819 -.00000003  00000-0  00000-0 0  9991
2 53107  70.1748   9.4735 0013378 210.3558 149.6328  6.42110577 12479
0 AVUM R/B
1 53109U 22080E   26274.32827873 -.00000003  00000-0  00000-0 0  9995
2 53109  70.1206 261.3208 0009182 267.0979  92.8630  6.42583809 98884
0 CELESTA
1 53111U 22080G   23145.85382453 -.00000003  00000-0  00000+0 0  9999
2 53111  70.6593 327.3289 0101863  79.9078 281.3061  6.46589524 20200
0 MT-CUBE-2
1 53106U 22080B   25119.54530882 -.00000003  00000-0  00000+0 0  9993
2 53106  70.1441  82.5809 0008360  32.9040 327.2139  6.42557753 65597
TRISAT-R
1 53108U 22080D   25164.43750000  .00000000  00000-0  00000-0 0    09
2 53108  70.1723  68.0769 0013203  29.9127  11.4181  6.42152585    08
0 ALPHA
1 53110U 22080F   22249.50115603 -.00000003  00000-0  00000+0 0  9995
2 53110  70.1887  58.2730 0239395 148.5037 284.5041  6.42698116  3412
0 LARES-2
1 53105U 22080A   26274.28803811  .00000018  00000-0  00000-0 0  9997
2 53105  70.1458 268.9262 0005584 314.3603  45.6535  6.38965223 98445
0 VIGORIDE 3
1 52760U 22057AE  26275.17305228  .00003506  00000-0  13020-3 0  9999
2 52760  97.6765  58.1657 0009447 105.8306 254.3975 15.28234576241499
0 COSMOS 2499
1 39765U 14028E   26275.27867586  .00000048  00000-0  13212-3 0  9990
2 39765  82.4534 180.1780 0232439 110.0587 252.5698 12.82905302578759
0 SAUDISAT 4
1 40016U 14033G   26274.90205732  .00000340  00000-0  51418-4 0  9991
2 40016  97.7747  57.4570 0046110  86.3141 274.3343 14.79656714661859
0 SAUDISAT 2
1 28371U 04025F   26275.25108881  .00000114  00000-0  36555-4 0  9991
2 28371  98.5571 278.0370 0024082 330.4531  29.5304 14.56732788181330
0 HIBER-2
1 43774U 18099S   26028.96940761  .08639631  25068-5  13938-2 0  9990
2 43774  97.4270 113.4809 0009314 286.8843  73.1432 16.33569322393452
0 YAM-3
1 48915U 21059AN  26274.93691940  .00008316  00000-0  14688-3 0  9994
2 48915  97.6950 109.0560 0004506 355.7632   4.3580 15.50636373293522
0 TIROS N
1 11060U 78096A   26275.00534159  .00000045  00000-0  41309-4 0  9997
2 11060  98.4513 291.2107 0009306 295.8157  64.2060 14.19399425693909
0 TIROS 10
1 01430U 65051A   26275.27431267  .00000083  00000-0  38574-4 0  9991
2 01430  98.5158  34.2031 0056301 117.1213 243.5734 14.41661157211345
0 OBJECT G
1 44316U 19032G   26275.14460992  .00005086  00000-0  18716-3 0  9995
2 44316  44.9701 196.2606 0010063 149.2979 210.8494 15.29051349403448
0 SECOR 7 (EGRS 7)
1 02411U 66077B   26274.46116860 -.00000021  00000-0 -11107-1 0  9993
2 02411  90.3231 278.6814 0010004 309.4517  50.5449  8.59615369886515
0 SECOR 13 (EGRS 13)
1 03891U 69037B   26275.09473373 -.00000035  00000-0  12627-4 0  9995
2 03891  99.6284 141.8562 0039423 349.9379 165.0988 13.42980634816106
0 OMNI-L1
1 52157U 22033A   26274.99346199  .00000935  00000-0  12138-3 0  9996
2 52157  97.8321 352.0745 0003961 303.5459  56.5376 14.83053474243286
0 KHAYYAM
1 53370U 22096A   26275.28908963  .00002399  00000-0  99782-4 0  9996
2 53370  97.3318 177.4501 0002295  68.8870 291.2613 15.24727867230919
0 FENGYUN 1D
1 27431U 02024B   26275.14042290  .00000059  00000-0  58186-4 0  9995
2 27431  98.9399 324.9210 0014471 303.9092  56.0702 14.10235993254558
0 STARLINK-3100
1 49144U 21082Q   26274.92300623  .00000378  00000-0  39510-4 0  9991
2 49144  69.9989 134.4593 0002372 275.3241  84.7647 14.98324997276873
0 STARLINK-4410
1 53204U 22084R   26275.08243299  .00000347  00000-0  11856-4 0  9998
2 53204  97.4466 339.0846 0001997 146.3799 213.7573 15.36981266231438
0 STARLINK-4400
1 53468U 22099D   26275.25003472  .00128357  00000-0  39717-2 0  9998
2 53468  97.2857  28.8211 0001213 122.1033 229.4138 15.32954270  5784
0 STARLINK-4621
1 53676U 22105AE  26275.25003472 -.00013755  00000-0 -88205-3 0  9991
2 53676  97.2835 148.4132 0003464  56.1304 336.8030 15.08438027  5794
0 STARLINK-4362
1 53043U 22077A   26275.29161553  .00000011  00000-0  26540-5 0  9991
2 53043  97.2852  89.9272 0001605  89.3566 270.7860 15.33434068232101
0 BLUEWALKER 3
1 53807U 22111AL  26275.21142683  .00004231  00000-0  11647-3 0  9991
2 53807  53.2279 251.0646 0006541 135.7626 224.3903 15.39417436226683
0 OTB-3-GAZELLE
1 54023U 22127A   26275.21352548  .00000048  00000-0  27418-4 0  9998
2 54023  98.4055 265.3447 0012218 222.2288 137.7962 14.42704833209796
0 KSM1-A
1 46912U 20081H   26274.96057053  .00004497  00000-0  16723-3 0  9995
2 46912  36.8959 122.2156 0000890 154.7664 205.3129 15.27416332325504
0 KSM1-B
1 46914U 20081K   26274.93861116  .00003897  00000-0  15265-3 0  9990
2 46914  36.9011 131.1520 0002684  65.7168 294.3861 15.25811791328491
0 KSM1-C
1 46906U 20081B   26274.96532422  .00004491  00000-0  16277-3 0  9994
2 46906  36.8910 118.9324 0002962   1.5448 358.5310 15.28262547325505
0 OBJECT D
1 51827U 22019D   26275.30299758  .00400245  73915-4  64460-3 0  9999
2 51827  97.3507  15.4943 0002758 244.7128 115.3867 16.03541587256646
0 SHERPA-LTC2
1 53754U 22107BG  26275.20038380  .00003091  00000-0  16501-3 0  9991
2 53754  53.2328 127.0236 0392718 165.5112 195.7517 14.70425705218282
0 OSCAR 16 (PACSAT)
1 20439U 90005D   26275.06597037  .00000025  00000-0  25779-4 0  9992
2 20439  98.8427 313.2050 0009498 278.7614 110.8431 14.33961822917258
0 OBJECT D
1 44882U 19093D   26275.24002811  .00002954  00000-0  20504-3 0  9992
2 44882  97.7926  11.1397 0013728  25.9546 334.2366 15.06306359368723
0 WREN
1 39435U 13066V   14099.35188471  .00002386  00000-0  27506-3 0  9992
2 39435  97.7868 174.0379 0056077 109.7041 251.0236 14.85489138 20584
0 COSMOS 2463
1 36519U 10017A   26274.83669196  .00000048  00000-0  36786-4 0  9998
2 36519  82.9641 171.3619 0035660 192.0933 234.6029 13.71671336822557
0 COSMOS 2414
1 28521U 05002A   26274.65458447  .00000051  00000-0  29282-4 0  9992
2 28521  82.9505 323.1203 0040669  27.7115 332.6203 13.87935468 98584
0 COSMOS 2407
1 28380U 04028A   26274.79916953  .00000054  00000-0  40339-4 0  9997
2 28380  82.9650 355.8702 0038162 315.5773 170.3688 13.76341480114549
0 KSM1-D
1 46907U 20081C   26274.98517340  .00003996  00000-0  15535-3 0  9994
2 46907  36.8951 129.9964 0001889  19.9793 340.1030 15.26037515325415
0 OBJECT H
1 53451U 22098H   26117.57590324  .09658889  26632-5  28822-3 0  9993
2 53451  97.5482 255.1474 0012673 271.4877  88.4972 16.44056768207372
0 IRIDIUM 116
1 43072U 17083C   26275.23989736  .00000001  00000-0 -67751-5 0  9997
2 43072  86.3902 277.2352 0001913  93.7538 266.3877 14.34217329459512
0 IRIDIUM 113
1 42803U 17039A   26275.26526757  .00000020  00000-0  10412-7 0  9996
2 42803  86.3909 277.4102 0002225  89.6923 270.4528 14.34217595486530
0 IRIDIUM 130
1 43073U 17083D   26274.92910940  .00000049  00000-0  10560-4 0  9990
2 43073  86.3911 277.6513 0002045  89.1867 270.9563 14.34217485459412
0 OBJECT T
1 51841U 22019T   26155.99859174  .08863804  25266-5  38933-3 0  9996
2 51841  97.3498 253.9130 0015819 261.5810  98.3697 16.41716669238205
0 OBJECT R
1 51839U 22019R   26157.35070802  .08475770  25153-5  75233-3 0  9998
2 51839  97.3544 255.4419 0013577 264.5878  95.3872 16.38904555238411
0 OBJECT M
1 51835U 22019M   26120.80150797  .14453301  25711-5  16849-3 0  9997
2 51835  97.3515 218.7383 0014909 270.1758  89.7838 16.49258376232763
0 OBJECT L
1 51834U 22019L   26094.86293574  .04742356  24575-5  11271-2 0  9993
2 51834  97.3534 192.0232 0009733 271.1205  88.8974 16.29530138228759
0 OBJECT H
1 51831U 22019H   26111.62901392  .08912270  25172-5  56557-3 0  9997
2 51831  97.3448 208.8638 0012686 268.1436  91.8411 16.40538195231320
0 OBJECT E
1 49007U 21061E   26120.95513259  .12078408  24990-5  26262-3 0  9990
2 49007  97.2686 201.7525 0014506 262.1565  97.8091 16.45518277268843
0 OBJECT D
1 49006U 21061D   26112.70189028  .15915864  25453-5  16153-3 0  9998
2 49006  97.2690 193.3521 0010540 259.1136 100.8983 16.50608492267561
0 JILIN-01 GAOFEN 3J
1 46462U 20065J   26131.24550622  .14462653  24832-5  20374-3 0  9998
2 46462  97.2084 192.2839 0012891 259.1496 100.8358 16.48268073314621
0 JILIN-01 GAOFEN 3H
1 46460U 20065G   26275.17637757  .00305288  39303-4  71682-3 0  9993
2 46460  97.1941 332.9713 0004587 229.2982 130.7898 15.96893779336764
0 JILIN-01 GAOFEN 3G
1 46459U 20065F   26268.06114626  .13075590  24688-5  27290-3 0  9997
2 46459  97.1978 330.4886 0010369 261.5631  98.4497 16.46246719335778
0 JILIN-01 GAOFEN 3F
1 46458U 20065E   26275.26813220  .00070510  00000-0  48435-3 0  9996
2 46458  97.2014 328.0446 0010100 112.3359 247.8978 15.74408456336477
0 JILIN-01 GAOFEN 3E
1 46457U 20065D   26275.08577692  .00123385  00000-0  62556-3 0  9994
2 46457  97.2048 331.2630 0008192 126.6630 233.5393 15.81127687336545
0 JILIN-01 GAOFEN 3B
1 46454U 20065A   26117.01126189  .16184280  25073-5  18480-3 0  9997
2 46454  97.1995 178.0186 0011164 251.7622 108.2468 16.49777179312423
0 ARKTIKA-M 1
1 47719U 21016A   26206.87236863 -.00000386  00000-0  00000-0 0  9995
2 47719  63.2598  51.9767 7301002 270.1217  14.4714  2.00607275 39564
0 EOS-6
1 54361U 22158A   26275.27484882  .00000113  00000-0  43019-4 0  9998
2 54361  98.3557  12.0505 0001902  64.3813 295.7576 14.46984674203322
0 CORIOLIS
1 27640U 03001A   26274.95062475  .00000038  00000-0  38640-4 0  9998
2 27640  98.7169 280.2277 0012888 265.4183  94.5521 14.19969401229378
0 CLOUDSAT
1 29107U 06016A   26275.24530409  .00000439  00000-0  56438-4 0  9997
2 29107  98.3825 318.4261 0004998   0.6793 359.4427 14.86558176 90415
0 ELEKTRO-L
1 37344U 11001A   26275.07954182  .00000121  00000-0  00000-0 0  9996
2 37344   9.9248  53.3813 0002931  48.6255 146.5845  1.00189228 57559
0 ELEKTRO-L 2
1 41105U 15074A   26273.25333978 -.00000113  00000-0  00000-0 0  9994
2 41105   6.9509  69.1854 0002424 192.0357 184.4928  1.00271341 39562
0 CENTISPACE-1 S6
1 54021U 22126B   26275.25610624  .00000202  00000-0  76519-4 0  9999
2 54021  54.9985 146.8284 0012357 319.2636  40.7433 14.62400628212666
0 CENTISPACE-1 S3
1 53757U 22108A   26275.24993595  .00000150  00000-0  68176-4 0  9996
2 53757  53.5342 332.5133 0008041 269.5309  90.4745 14.61342580217180
0 APRIZESAT 9
1 40018U 14033J   26274.90095005  .00000385  00000-0  64070-4 0  9990
2 40018  97.9215  45.5905 0065196 216.3078 143.3698 14.74320739659284
0 APRIZESAT 7
1 39416U 13066A   26275.28107869  .00000791  00000-0  83319-4 0  9997
2 39416  97.7835 227.0385 0034713 214.3611 145.5362 14.91776123697196
0 APRIZESAT 8
1 39425U 13066K   26275.28274244  .00000582  00000-0  68838-4 0  9996
2 39425  97.8328 221.3163 0044389 294.3951  65.2636 14.87821617695598
0 APRIZESAT 6
1 37793U 11044F   26274.78094052  .00000369  00000-0  59307-4 0  9991
2 37793  98.2284 187.4148 0044280 104.2515 324.3346 14.77037394812880
0 MATS
1 54227U 22147A   26275.24835292  .00000905  00000-0  66618-4 0  9998
2 54227  97.6883 276.4540 0011951 188.5914 171.5110 15.05834210213870
0 LYNK TOWER 3
1 55046U 23001AP  26275.09224434  .00007842  00000-0  20939-3 0  9993
2 55046  97.3071 334.8800 0008997  95.2242 265.0030 15.38342293208334
0 LYNK TOWER 4
1 55034U 23001AB  26274.95792281  .00004579  00000-0  13846-3 0  9997
2 55034  97.3069 332.8895 0009601  96.4458 263.7879 15.34677595208197
0 KUWAITSAT-1
1 55103U 23001CY  26275.17697475  .00016489  00000-0  25486-3 0  9994
2 55103  97.3134 347.9496 0008379  47.7029 312.4934 15.54132053209186
0 CONNECTA T1.2
1 55012U 23001D   26274.73955532  .00039617  00000-0  49781-3 0  9997
2 55012  97.3128 347.9012 0004917  75.8164 284.3639 15.59583183209108
0 BRO-8
1 55011U 23001C   26275.24595174  .00027379  00000-0  39677-3 0  9990
2 55011  97.3065 342.4029 0006281  93.8469 266.3504 15.55815589208811
0 HUYGENS
1 55093U 23001CN  26275.29620455  .00005005  00000-0  12043-3 0  9996
2 55093  97.3136 342.6874 0010285  62.7705 297.4589 15.41706545208866
0 OBJECT A
1 55009U 23001A   26275.23823476  .00009075  00000-0  19270-3 0  9995
2 55009  97.3046 340.2664 0006694  88.9597 271.2418 15.45233005208740
0 BIRKELAND
1 55015U 23001G   26275.29616425  .00011236  00000-0  26787-3 0  9995
2 55015  97.3236 343.5998 0007857  83.1490 277.0650 15.41707311208840
GUARDIAN ALPHA
1 70326C 23001AB  23003.66764859  .00091283  00000+0  51198-2 0    04
2 70326  97.5087  65.7870 0015886 214.5672 168.9126 15.13313322    12
SPHERE-1
1 70329C 23001AE  23003.66784188  .00089600  00000+0  50543-2 0    07
2 70329  97.5093  65.7875 0015070 215.7489 168.7815 15.13120024    19
0 SKYKRAFT-1A
1 55054U 23001AX  26275.08907752  .00003300  00000-0  11545-3 0  9990
2 55054  97.3090 330.8027 0010945 109.3789 250.8636 15.30167813208069
ORBITER SN1
1 70377C 23001CE  23003.68208725  .00066625  00000+0  37949-2 0    07
2 70377  97.5052  65.8019 0012930 216.4030 245.6566 15.12806539    19
0 EOSSAT-1
1 55053U 23001AW  26275.12381811  .00003042  00000-0  93405-4 0  9995
2 55053  97.3114 334.7921 0010528  94.3563 265.8884 15.34455019208312
0 ION SCV-008
1 55051U 23001AU  26275.22902385  .00003554  00000-0  12603-3 0  9997
2 55051  97.5715  13.4266 0014247   0.7296 359.3963 15.29686705207697
0 ION SCV-007
1 55060U 23001BD  26275.12587883  .00000177  00000-0  31889-4 0  9994
2 55060  97.8886 335.9552 0012136 356.8558   3.2574 14.77628192202045
0 VIGORIDE 5
1 55056U 23001AZ  26275.16577687  .00067550  00000-0  48136-3 0  9994
2 55056  97.3102 351.0566 0006592 147.7679 212.3989 15.73602182209419
0 YAM-5
1 55076U 23001BV  26274.68813060  .00006861  00000-0  17115-3 0  9991
2 55076  97.3071 337.6331 0009834  86.9554 273.2817 15.40473206208494
MENUT (GENEO)
1 70309C 23001J   23003.66403400  .00096558  00000+0  56818-2 0    01
2 70309  97.5066  65.7823 0009655 230.0594 133.7523 15.11657802    14
0 SAUDISAT 5A
1 43831U 18102A   26275.33052531  .00002962  00000-0  10779-3 0  9991
2 43831  97.2943 334.8418 0010994 110.9847 249.2571 15.28957538432045
0 SAUDISAT 5B
1 43833U 18102C   26275.33308749  .00002820  00000-0  10208-3 0  9998
2 43833  97.3058 338.1084 0011687 113.0598 247.1876 15.29168639432163
EPIC CHIMERA LEO 1
1 88310U          23005.58241233 +.00008746 +00000+0 +51053-3 0  0002
2 88310  97.5034  67.6665 0010472 213.2239 146.8336 15.12121087 00045
NEWSAT 32
1 70365C 23001BS  23003.67778169  .00074297  00000+0  42091-2 0    05
2 70365  97.5065  65.7992 0013615 219.8639 218.7610 15.12989524    19
0 CONTINUUM-1
1 55045U 23001AN  26275.29447427  .00006765  00000-0  21073-3 0  9996
2 55045  97.3241 337.2900 0009561  71.4277 288.8004 15.33552196208651
NEWSAT 33
1 70369C 23001BW  23003.67920993  .00072235  00000+0  41485-2 0    09
2 70369  97.5055  65.7926 0013201 209.1298 237.2829 15.12505598    16
NEWSAT 35
1 70374C 23001CB  23003.68111271  .00069596  00000+0  39934-2 0    09
2 70374  97.5055  65.8006 0012572 211.6533 245.1041 15.12545124    15
0 CZ-4C R/B
1 52085U 22027B   26275.01086379 -.00000066  00000-0  29256-4 0  9990
2 52085  63.3914 134.5184 0242133  22.3256 338.8108 13.65486835226627
0 OBJECT F
1 44884U 19093F   26275.24667897  .00001617  00000-0  12981-3 0  9990
2 44884  97.7903   5.4037 0017518  36.7117 323.5304 15.01399670368481
0 OBJECT F
1 54687U 22167F   26199.75650564  .07709499  26771-5  46652-3 0  9992
2 54687  97.5939  32.2115 0011495 265.3431  94.6556 16.40917510201891
0 ETV-A1
1 51060U 22002CE  26275.23853769  .00006688  00000-0  15551-3 0  9991
2 51060  97.2757 341.3174 0003680 333.1492  26.9565 15.42650097262334
ISS (ZARYA)
1 25544U 98067A   23006.23627037  .00014367  00000+0  25952-3 0  9997
2 25544  51.6447  50.7420 0004899 231.6381 243.6067 15.49962952376670
ORBITER SN1
1 70377C 23001CE  23003.68208725  .00066625  00000-0  37949-2 0    08
2 70377  97.5052  65.8019 0012930 216.4030 245.6566 15.12806539    19
ORBITER SN1
1 70377C 23001CE  23003.68208725  .00066625  00000-0  37949-2 0    08
2 70377  97.5052  65.8019 0012930 216.4030 245.6566 15.12806539    19
0 GAOFEN 6
1 43484U 18048A   26275.28672260  .00000617  00000-0  96211-4 0  9996
2 43484  98.0853 338.1294 0010571 179.2633 180.8594 14.76454545449190
0 GAOFEN 7
1 44703U 19072A   26275.28690513  .00002081  00000-0  95625-4 0  9995
2 44703  97.5601 336.3823 0019273  37.7070 322.5512 15.21376885383923
0 CBERS 4A
1 44883U 19093E   26275.27812542  .00000313  00000-0  46762-4 0  9998
2 44883  98.0083 342.7556 0000809  63.6617 296.4679 14.81466847366934
0 NINGXIA-1 1
1 44779U 19076A   26275.27831388 -.00000014  00000-0  75314-4 0  9996
2 44779  45.0068  61.2392 0011368 298.7640  61.2052 14.02118785352883
0 ZY 3 2
1 41556U 16033A   26275.27062287  .00002673  00000-0  12210-3 0  9997
2 41556  97.3744 348.9295 0011479 285.6555  74.3414 15.21384312574262
0 HJ-2E
1 54035U 22132A   26275.25082259  .00003566  00000-0  16774-3 0  9990
2 54035  97.3855 277.6731 0005956  22.6663 337.4834 15.20191380220702
0 LT-1 01A
1 51284U 22007A   26275.27362500  .00000262  00000-0  34082-4 0  9999
2 51284  97.8113 281.1765 0001613  90.0131 270.1270 14.88418278254401
0 ICEYE-X6
1 46497U 20068M   26275.25094946  .00000693  00000-0  53668-4 0  9997
2 46497  98.1058 274.1245 0008837  90.6124 269.6113 15.04963375329337
0 ASNARO-2
1 43152U 18007A   26275.25615647  .00004236  00000-0  18639-3 0  9994
2 43152  97.4006 280.5238 0001734  88.1653 271.9782 15.22400462483701
0 EGYPTSAT A
1 44047U 19008A   26275.31784845 -.00000045  00000-0  68068-6 0  9993
2 44047  98.0079 338.5811 0001124  98.9391 261.1943 14.72302505409008
0 SUPERVIEW-1 03
1 43099U 18002A   26275.25203074  .00012025  00000-0  27074-3 0  9994
2 43099  97.3069   0.1356 0044172 152.4846 207.8754 15.42383388484851
0 HODOYOSHI 4
1 40011U 14033B   26275.27408627  .00000845  00000-0  96607-4 0  9994
2 40011  97.5485  94.9757 0022434 313.5704  46.3651 14.88338541664731
0 HYSIS
1 43719U 18096A   26275.33357672  .00000120  00000-0  23357-4 0  9993
2 43719  97.9730 341.1775 0001685 107.1345 253.0051 14.78671692423253
0 CFOSAT
1 43662U 18083A   26275.25727194  .00001803  00000-0  96006-4 0  9997
2 43662  97.3661 276.6629 0003144  95.5566 264.6026 15.16451213438663
0 COSMOS 2561
1 54109U 22137A   26274.74090375  .00008147  00000-0  12668-3 0  9996
2 54109  96.9050 329.8629 0009098   0.9126 359.2144 15.54125012222889
0 SHARJAHSAT-1
1 55104U 23001CZ  26275.27347294  .00015369  00000-0  24712-3 0  9994
2 55104  97.3035 345.7459 0006346  80.2454 279.9516 15.53069077209095
0 XINGYUN-2 01
1 45602U 20028A   26275.28618444  .00001043  00000-0  64110-4 0  9992
2 45602  97.4973 265.6472 0008491 183.1676 176.9502 15.12185462351020
0 ARCSAT-1
1 52161U 22033E   26274.50950450  .00010302  00000-0  14894-3 0  9999
2 52161  97.2728   8.5357 0005336 150.3331 209.8227 15.56108057252224
0 GLOBAL-13
1 49773U 21115BB  26275.23337733  .00013913  00000-0  25317-3 0  9991
2 49773  53.1959 264.2519 0004108  85.9640 274.1840 15.49822896272346
0 GLOBAL-12
1 49772U 21115BA  26274.51942209  .00024742  00000-0  30637-3 0  9993
2 49772  53.1933 250.8579 0004107  54.8856 305.2543 15.59955621272460
0 SKIF-D
1 54153U 22139D   26273.18272214  .00000044  00000-0  00000-0 0  9990
2 54153  89.9437  96.6280 0007810 159.5874 200.5048  5.00426292 69369
0 OBJECT J
1 51832U 22019J   26275.26955810  .00000475  00000-0  24571-4 0  9990
2 51832  97.3316 335.2730 0007702 203.9553 156.1325 15.20808074254072
0 HAIYANG 1D
1 45721U 20036A   26275.27316407  .00000219  00000-0  93591-4 0  9995
2 45721  98.4634 214.6562 0002481 164.1733 195.9530 14.34202411330326
0 TANSAT
1 41898U 16081A   26275.29882994  .00000120  00000-0  35565-4 0  9990
2 41898  98.5426 278.7587 0020227 341.9089  18.1388 14.60009813520252
0 SHIJIAN 6 03A (SJ-6 03A
1 33408U 08053A   26275.32457013  .00002676  00000-0  13508-3 0  9992
2 33408  97.8321 312.3900 0011293  11.1588 348.9893 15.18003223979215
0 SJ-9A
1 38860U 12056A   26275.25957759  .00000603  00000-0  75407-4 0  9996
2 38860  97.6860 243.4295 0023903 264.9536  94.8951 14.85667781715488
0 KL-ALPHA A
1 44785U 19077A   26275.26009477  .00000191  00000-0  25504-3 0  9999
2 44785  88.9340 210.8769 0011480 146.4870 213.7012 13.56051865340248
0 GAOFEN 3
1 41727U 16049A   26275.27267810  .00000167  00000-0  63780-4 0  9998
2 41727  98.4054 281.4619 0001131 101.2252 258.9065 14.42211052534080
0 LEMUR 2 GREENBERG
1 42837U 17042N   26274.49326538  .00009079  00000-0  27522-3 0  9995
2 42837  97.3864  94.9162 0007762 353.5938   6.5204 15.34335679504677
0 HAIYANG 2D
1 48621U 21043A   26275.28877638  .00000221  00000-0  27430-3 0  9996
2 48621  66.0002  38.0516 0010579 258.3692 101.6189 13.83372871271365
0 GLOBAL-18
1 52196U 22034B   26275.09048096  .00014732  00000-0  26407-3 0  9991
2 52196  52.9796 104.2180 0002969 227.6510 132.4246 15.50197122253520
0 HAIYANG 1C
1 43609U 18068A   26275.26844204 -.00000127  00000-0 -29727-4 0  9990
2 43609  98.5089 345.9680 0011870 132.1709 228.0486 14.34141806422435
0 OBJECT A
1 53346U 22090A   26275.30460825  .00001822  00000-0  85195-4 0  9999
2 53346  97.3029 340.3015 0002280 160.3301 199.8024 15.21009102231094
0 CENTISPACE-1 S5
1 54020U 22126A   26275.27656118  .00000302  00000-0  94698-4 0  9997
2 54020  54.9982 144.3687 0010539 321.0388  38.9846 14.63163471212713
0 HAIYANG 2C
1 46469U 20066A   26275.30663566  .00000019  00000-0  91417-4 0  9996
2 46469  65.9978 308.5839 0004723 254.7383 105.3163 13.83376221304315
0 SDGSAT 1
1 49387U 21100A   26275.31923303  .00001545  00000-0  75760-4 0  9995
2 49387  97.2521 318.1361 0007677 254.2345 105.8044 15.19538992272188
0 ODIN
1 26702U 01007A   26215.55524046  .18524984  25409-5  51896-3 0  9990
2 26702  97.3527 260.5021 0013244 271.8135  88.1649 16.44308982396929
0 R2
1 46913U 20081J   26274.95625536  .00005102  00000-0  19263-3 0  9998
2 46913  36.8955 122.8060 0005964 101.5672 258.5747 15.26814889328302
0 GLOBAL-14
1 49469U 21106A   26274.71073982  .00022406  00000-0  31979-3 0  9996
2 49469  42.0043  15.6791 0017642  46.4681 313.7627 15.55605113274694
0 GLOBAL-9
1 47971U 21023G   26275.26843552  .00015035  00000-0  26209-3 0  9999
2 47971  44.9815   6.8410 0004922 302.1095  57.9319 15.50647472311546
0 GLOBAL-16
1 49950U 21120B   26275.01139433  .00022164  00000-0  32184-3 0  9995
2 49950  41.9934 136.1263 0016962 276.3406  83.5508 15.55153218271457
0 OBJECT P
1 54695U 22167P   26275.28323072  .00006669  00000-0  18564-3 0  9990
2 54695  97.6959  89.5989 0007291  95.5482 264.6593 15.37152432211839
0 OBJECT D
1 54254U 22155D   26186.25042549  .04646595  26402-5  79772-3 0  9992
2 54254  97.6143 342.1130 0012127 265.6441  94.3468 16.32834755203202
0 OBJECT J
1 53452U 22098J   26256.58176458  .04156202  25920-5  78205-3 0  9993
2 53452  97.5516  37.5890 0011341 277.2523  82.7483 16.31937210228832
0 OBJECT W
1 51844U 22019W   26122.21654317  .05241160  24727-5  95158-3 0  9995
2 51844  97.3487 219.1886 0012944 269.3704  90.6108 16.32236081232865
0 OBJECT K
1 53453U 22098K   26270.89346878  .13849530  27024-5  15556-3 0  9999
2 53453  97.5637  53.9396 0013387 278.4322  81.5465 16.49659997231059
0 JILIN-01 GAOFEN 3D 5
1 52390U 22046C   26113.45661189  .13701840  27051-5  25569-3 0  9990
2 52390  97.4814 232.7390 0010494 226.4735 133.5697 16.46858889222066
0 JILIN-01 GAOFEN 3D 28
1 52445U 22048C   26231.76789761  .14909016  27188-5  14880-3 0  9996
2 52445  97.5644 353.4732 0013726 259.5161 100.4597 16.50416306239655
0 JILIN-01 GAOFEN 3D 27
1 52444U 22048B   26244.73480940  .08128686  26654-5  38026-3 0  9997
2 52444  97.5749   7.5058 0013337 277.2600  82.7183 16.41785538241642
0 OBJECT H
1 54689U 22167H   26275.27692321  .00006124  00000-0  17548-3 0  9995
2 54689  97.7023  90.1699 0005953  91.4382 268.7543 15.36294206211798
0 OBJECT D
1 54685U 22167D   26275.28243365  .00006959  00000-0  18637-3 0  9998
2 54685  97.6972  91.3134 0003429  97.8543 262.3091 15.38357292211906
0 OBJECT E
1 54686U 22167E   26275.26309050  .00006112  00000-0  17984-3 0  9996
2 54686  97.6951  87.9502 0008654 141.0448 219.1419 15.35441305211747
0 EMISAT
1 44078U 19018A   26275.29538711  .00000027  00000-0  21012-4 0  9999
2 44078  98.4527 333.4406 0017172 254.3250 105.6045 14.43672743395517
0 IRS P6
1 28051U 03046A   26275.30979344 -.00000014  00000-0  90558-5 0  9998
2 28051  98.1825 306.5362 0064621  21.7525  35.4880 14.36188337195903
0 RESOURCESAT 2
1 37387U 11015A   26275.28181890  .00000003  00000-0  21571-4 0  9998
2 37387  98.7536 341.9241 0010349 312.0707  47.9589 14.21611999801395
0 ORBCOMM FM 114
1 41179U 15081A   26275.22527677  .00000217  00000-0  82061-4 0  9998
2 41179  47.0041 215.8986 0003007 319.5462  40.5200 14.58955597573384
0 ORBCOMM FM 110
1 41182U 15081D   26275.21103562  .00000261  00000-0  91172-4 0  9996
2 41182  47.0012 215.3488 0002949 224.4566 135.6083 14.58980268573255
0 ORBCOMM FM 117
1 41188U 15081K   26274.88208391  .00000195  00000-0  77419-4 0  9994
2 41188  47.0021  36.3021 0002722 318.2760  41.7918 14.58974252575704
0 ORBCOMM FM 116
1 41189U 15081L   26274.99945679  .00000225  00000-0  83653-4 0  9995
2 41189  47.0010 125.5479 0001461 203.6494 156.4325 14.58976260574538
0 ORBCOMM FM 113
1 41185U 15081G   26275.22960114  .00000117  00000-0  60931-4 0  9993
2 41185  46.9994 124.4625 0001771 329.4273  30.6509 14.58944360574566
0 ORBCOMM FM 112
1 41184U 15081F   26274.97575564  .00000219  00000-0  82513-4 0  9997
2 41184  46.9979 125.2348 0002937 333.7852  26.2884 14.58974023574549
0 ORBCOMM FM 108
1 41187U 15081J   26274.36766896  .00000161  00000-0  70054-4 0  9996
2 41187  47.0057  40.1241 0002407 307.4985  52.5682 14.58991208575582
0 NPP
1 37849U 11061A   26275.26719865  .00000045  00000-0  42209-4 0  9996
2 37849  98.8034 215.4417 0002407  43.0665 317.0699 14.19536199773635
0 DMSP 5D-3 F18 (USA 210)
1 35951U 09057A   26275.27369534  .00000133  00000-0  92209-4 0  9998
2 35951  98.9176 255.8773 0010283 311.8026  48.2268 14.14947354874738
0 YAOGAN 10
1 36834U 10038A   26275.32869487  .00001145  00000-0  13856-3 0  9992
2 36834  97.8937 297.8760 0001657  89.6942  32.0970 14.85614092873116
0 OMNI-M1
1 26857U 01026A   26274.47815701  .00000004  00000-0  00000-0 0  9995
2 26857  44.8038 220.7681 0014880  71.8917 288.2901  3.92403068209744
0 OCEANSAT 2
1 35931U 09051A   26275.28516162  .00000215  00000-0  17287-3 0  9995
2 35931  98.2454 251.4963 0014421 296.6391  63.3298 13.99667448894316
0 RESOURCESAT 2A
1 41877U 16074A   26275.26308953  .00000131  00000-0  79744-4 0  9993
2 41877  98.7436 347.8419 0003093 117.9434 242.2057 14.21616268509515
0 BRO-9
1 56185U 23054H   26175.37906799  .07090794  24942-5  71735-3 0  9998
2 56185  97.2847  94.7664 0010950 218.4094 141.6426 16.37895961180258
0 ION SCV-010
1 56192U 23054Q   26275.15651408  .00002710  00000-0  99906-4 0  9996
2 56192  97.3602 163.3456 0012630 146.8842 213.3191 15.28603276192524
0 HJ-2B
1 46479U 20067B   26275.27429777  .00000195  00000-0  34997-4 0  9993
2 46479  97.8815 352.1749 0000825 101.2173 258.9130 14.76575729324067
0 PAKTES 1A
1 43529U 18056A   26275.25433264  .00000844  00000-0  73892-4 0  9993
2 43529  98.1389  76.4192 0023323 119.2899 241.0657 14.99456202447961
0 GHOST-1
1 56195U 23054T   26124.84149806  .07462440  25461-5  36773-3 0  9994
2 56195  97.2749  46.6504 0008362 213.6171 146.4601 16.42251804172613
0 PRSS 1
1 43530U 18056B   26275.26873441  .00000250  00000-0  37847-4 0  9992
2 43530  97.7708 340.1179 0001598  78.0071 282.1322 14.82116044444290
0 ENMAP
1 52159U 22033C   26275.28356837  .00000281  00000-0  49233-4 0  9992
2 52159  97.9790 355.9908 0001582  83.1064 277.0325 14.74995228242445
0 OBJECT F
1 51951U 22023F   26275.26311042  .00006119  00000-0  24313-3 0  9994
2 51951  63.4534 269.5014 0137088 342.3478  17.2894 15.18096574253965
0 OBJECT A
1 44879U 19093A   26275.26575561  .00001466  00000-0  13620-3 0  9995
2 44879  97.7760 358.3300 0012569  60.6596 299.5879 14.95865576368054
0 HORUS 2
1 55844U 23032A   26275.25357404  .00002841  00000-0  12245-3 0  9990
2 55844  97.3440 348.4471 0001544 103.0141 257.1269 15.23375587197780
0 ZHUHAI-1 03C
1 44537U 19060D   26154.34607664  .04949776  25886-5  76861-3 0  9994
2 44537  97.5217 325.7139 0012294 266.2592  93.7298 16.33825799375068
0 OBJECT B
1 44880U 19093B   26275.23970596  .00001142  00000-0  10600-3 0  9997
2 44880  97.7765 358.8629 0012135  60.8869 299.3565 14.96339413368062
0 CENTISPACE-1 S4
1 53758U 22108B   26275.25205734  .00000237  00000-0  84512-4 0  9997
2 53758  53.5316 329.5090 0007720 255.3055 104.7065 14.62041750217229
0 ASTROCAST-0203
1 48955U 21059CE  26045.83682367  .07575709  26133-5  12470-2 0  9994
2 48955  97.6232 243.2162 0007618 295.7170  64.3338 16.33418585259417
0 ASTROCAST-0201
1 48954U 21059CD  26041.49206587  .00599618  18965-3  66123-3 0  9992
2 48954  97.6299 238.3377 0005790 246.8019 113.2654 16.09655773258701
0 OBJECT G
1 56749U 23072G   26275.30685124  .00024546  00000-0  34534-3 0  9999
2 56749  97.4753 127.8373 0001711 346.6493  13.4716 15.56664198187092
0 OBJECT C
1 56745U 23072C   26275.26488367  .00021125  00000-0  35016-3 0  9996
2 56745  97.5093 128.8127 0003634 355.9122   4.2100 15.52172418186822
0 OBJECT D
1 56746U 23072D   26267.67037322  .09643457  26001-5  68440-3 0  9992
2 56746  97.4440 133.2223 0007808 257.8814 102.1611 16.40798993186623
0 OBJECT B
1 56744U 23072B   26275.32079502  .00014812  00000-0  30257-3 0  9996
2 56744  97.5129 124.9865 0003457 308.4545  51.6393 15.46266569186646
0 OBJECT G
1 56749U 23072G   26275.30685124  .00024546  00000-0  34534-3 0  9999
2 56749  97.4753 127.8373 0001711 346.6493  13.4716 15.56664198187092
0 OBJECT E
1 56747U 23072E   26275.26813541  .00019057  00000-0  30813-3 0  9995
2 56747  97.4911 128.8887 0001700 356.2696   3.8544 15.52893257186971
0 YAOGAN 7
1 36110U 09069A   26274.64487828  .00000232  00000-0  39208-4 0  9996
2 36110  97.9892 159.7612 0025754  57.4870 302.8824 14.78089238905351
0 LKW-3
1 43146U 18006A   26275.27183689  .00005693  00000-0  15936-3 0  9999
2 43146  97.6728  80.2678 0001727 295.6014  64.5051 15.37076664485153
0 ZHUHAI-1 03D
1 44538U 19060E   26275.25745793  .00026617  00000-0  38153-3 0  9999
2 44538  97.5493  70.5704 0005759 264.9930  95.0667 15.56126549392691
0 LT-1 01B
1 51822U 22018A   26275.30725226  .00000301  00000-0  38333-4 0  9998
2 51822  97.8109 281.2093 0001469  85.8609 274.2775 14.88409829249647
0 ASO-S
1 54029U 22129A   26275.26647480  .00000062  00000-0  26252-4 0  9994
2 54029  98.2806 278.8431 0015377 121.1923 239.0782 14.52100161210960
0 CBERS-4
1 40336U 14079A   26275.30787579  .00000013  00000-0  19180-4 0  9992
2 40336  98.3408 328.7138 0001954  77.9189 282.2216 14.35516404619329
0 JILIN-01 GAOFEN 2B
1 44836U 19086A   26275.23340426  .00003065  00000-0  13825-3 0  9991
2 44836  97.4780 346.5714 0012411 309.1587  50.8545 15.21722447376765
0 JILIN-01 GAOFEN 2A
1 44777U 19075A   26275.23914406  .00008548  00000-0  20308-3 0  9993
2 44777  97.4907   1.7011 0006770  65.3252 294.8699 15.41911703381360
0 LKW-2
1 43080U 17084A   26275.30421361  .00003672  00000-0  13901-3 0  9992
2 43080  97.1095 310.1265 0001574 159.1448 200.9856 15.27517742488039
0 GAOFEN 3 02
1 49495U 21109A   26275.30735678  .00000099  00000-0  43158-4 0  9998
2 49495  98.4129 281.9004 0003594  43.3149 316.8323 14.42211831255752
0 OBJECT B
1 49316U 21091B   26275.31946638  .00001571  00000-0  78190-4 0  9991
2 49316  97.4472 101.3156 0014176  32.6539 327.5569 15.18995178275243
0 SKYMED 2
1 32376U 07059A   26275.30030890  .00000183  00000-0  29608-4 0  9998
2 32376  97.8912  97.3772 0001371  90.5595 269.5775 14.82146177 17874
0 SKYMED 4
1 37216U 10060A   26275.31299719 -.00000468  00000-0 -52251-4 0  9998
2 37216  97.8912  97.3919 0001855  80.0480 280.0943 14.82150423860431
0 ZY-1 02D
1 44528U 19059A   26275.28635918  .00000039  00000-0  29159-4 0  9993
2 44528  98.6609 337.1754 0005255  63.8150 296.3575 14.35285056369704
0 ZY 3
1 38046U 12001A   26081.01541948  .12161018  24301-5  28269-3 0  9999
2 38046  97.1345 157.1435 0011085 256.3350 103.6719 16.45573094790699
0 DAQI 1
1 52257U 22039A   26275.29508100  .00000403  00000-0  98084-4 0  9994
2 52257  98.1548 211.9600 0002488 296.4602  63.6342 14.57728561237549
0 DROID-001
1 56965U 23084AK  26059.12407982  .15531786  27588-5  16146-3 0  9995
2 56965  97.5587 217.3641 0009709 247.4524 112.5754 16.50520813152173
0 GREGOIRE
1 56946U 23084Q   26275.15682668  .00005211  00000-0  13325-3 0  9997
2 56946  97.6392  63.4327 0004610 299.5180  60.5605 15.39909598184168
ORBITER SN3
1 70325C 23084AA  23163.94916919 -.00030105  00000+0 -17221-2 0    05
2 70325  97.5115 280.5512 0011242 209.4974 194.6476 15.12703844    18
0 ION SCV-011
1 56957U 23084AB  26274.98035088  .00003004  00000-0  10742-3 0  9995
2 56957  98.1342 112.2353 0007769  35.0783 325.0966 15.29708515182132
PHOTON-04
1 56959U 23084AD  24052.59633646  .00104154  36959-5  17794-2 0  9998
2 56959  97.5180 171.5922 0433579 190.5235 168.6687 14.87783283 38429
0 GHOST-3
1 56958U 23084AC  26275.16309055  .00014118  00000-0  24138-3 0  9997
2 56958  97.6374  69.8604 0005592 256.1333 103.9297 15.51384655184588
0 BLACKJACK ACES-2
1 56955U 23084Z   26275.30245554  .00003376  00000-0  16496-3 0  9995
2 56955  97.6360  51.5336 0000881  55.4937 304.6380 15.18949846183434
0 BLACKJACK ACES-4
1 56952U 23084W   26030.83958131  .13023617  26890-5  16733-3 0  9999
2 56952  97.5252 190.3044 0012431 258.1516 101.8394 16.48891214147955
0 BLACKJACK ACES-1
1 56956U 23084AA  26275.22663491  .00003730  00000-0  18144-3 0  9997
2 56956  97.6352  51.2145 0001198 123.5243 236.6105 15.19035624133143
0 BLACKJACK ACES-3
1 56950U 23084U   26275.29780130  .00002927  00000-0  14307-3 0  9992
2 56950  97.6361  51.4468 0001899  56.7126 303.4290 15.19054850183428
0 OTTER PUP
1 56933U 23084B   26121.10315365  .08832281  26533-5  37103-3 0  9992
2 56933  97.5520 283.6368 0010821 273.3287  86.6775 16.42636595161864
ORBITER SN3
1 70325C 23084AA  23163.94916919 -.00030105  00000+0 -17221-2 0    05
2 70325  97.5115 280.5512 0011242 209.4974 194.6476 15.12703844    18
0 GEISAT PRECURSOR
1 56934U 23084C   26275.30172258  .00004237  00000-0  12360-3 0  9995
2 56934  97.6374  59.9893 0004476 334.8580  25.2445 15.35935296183967
0 VRSS-2
1 42954U 17060A   26272.35592397  .00000098  00000-0  20629-4 0  9990
2 42954  98.1221 306.2741 0011783 115.7537 244.4891 14.78846122483876
0 ZHUHAI-1 03B
1 44536U 19060C   26275.25266631  .00025623  00000-0  31806-3 0  9990
2 44536  97.5629  79.3747 0006617 281.3931  78.6582 15.59982070392989
0 HINODE (SOLAR B)
1 29479U 06041A   26274.94364092  .00000286  00000-0  57505-4 0  9992
2 29479  98.0542 289.5276 0016369 312.3648  47.6171 14.68734294 70542
0 ZINYUAN-3
1 45939U 20051A   26275.26873030  .00001399  00000-0  65865-4 0  9995
2 45939  97.5267 342.3040 0005893   3.0731 357.0539 15.21217380343623
0 YAOGAN 12
1 37875U 11066B   26275.27124373  .00002166  00000-0  83076-4 0  9998
2 37875  97.1051 308.8132 0009177 193.7207 166.3785 15.27471143828383
0 LKW-4
1 43236U 18025A   26274.99395605  .00050658  00000-0  39075-3 0  9992
2 43236  97.6373  95.0432 0001979 255.7212 104.3831 15.71816581476750
0 SPOT 5
1 27421U 02021A   26274.71067598  .00000130  00000-0  37844-4 0  9999
2 27421  97.9755 308.8056 0128306 305.3391  53.5867 14.54819874278332
0 CHUANG XIN 1-02(CX-1-02
1 33434U 08056B   26275.26944218  .00000154  00000-0  76181-4 0  9991
2 33434  98.6083 300.4430 0014144 181.1097 179.0056 14.30170737933925
0 HAIYANG 2B
1 43655U 18081A   26275.30275425 -.00000105  00000-0 -59146-4 0  9998
2 43655  99.3324 282.4565 0001469  40.9154 319.2108 13.79305996399692
0 SHIJIAN 6 03B (SJ-6 03B
1 33409U 08053B   26275.31690132  .00000650  00000-0  50817-4 0  9998
2 33409  97.8550 296.9856 0020678  43.7109 316.5750 15.04537522978855
0 KOMPSAT 5
1 39227U 13042A   26275.31130529  .00000391  00000-0  32273-4 0  9993
2 39227  97.6217 100.5250 0004668 111.2653 248.9072 15.04514610719964
0 SHIJIAN 6 02B (SJ-6 02B
1 29506U 06046B   26275.30937959  .00000798  00000-0  66222-4 0  9991
2 29506  97.6953 303.6018 0015389  73.4098 286.8815 15.01502918 86814
0 AFR-1
1 56964U 23084AJ  26275.30112145  .00002769  00000-0  99982-4 0  9991
2 56964  97.6431  54.7391 0009433 328.5596  31.5078 15.29357005183595
0 GRUS-1B
1 47934U 21022C   26275.26048543  .00000414  00000-0  38877-4 0  9994
2 47934  97.5175 154.8115 0015153 319.4660  40.5434 14.98908786301938
0 OUTPOST MISSION 1
1 56226U 23084BK  26180.13618669  .14309285  27340-5  11766-3 0  9992
2 56226  97.5783 345.9560 0014201 259.1711 100.7996 16.51722429170951
0 TOMORROW-R2
1 56962U 23084AG  26178.25092823  .08367620  26909-5  30745-3 0  9995
2 56962  97.5928 344.1569 0013162 258.6769 101.3053 16.42951724170684
0 OBJECT X
1 57187U 23091X   26275.23736850  .00004983  00000-0  18417-3 0  9997
2 57187  97.4969 339.6976 0010418  78.6025 281.6384 15.28145014180652
0 OBJECT Z
1 57189U 23091Z   26275.26785748  .00010629  00000-0  27636-3 0  9999
2 57189  97.4979 347.0791 0007406  56.5579 303.6374 15.39090129181142
0 OBJECT AV
1 57217U 23091AV  26275.29158281  .00006956  00000-0  22754-3 0  9994
2 57217  97.4944 340.9602 0011658  79.7065 280.5490 15.31964102180762
0 OBJECT AS
1 57206U 23091AS  26275.21211817  .00412008  71642-4  95744-3 0  9991
2 57206  97.4832   3.6170 0005943 265.6967  94.3630 15.97066673182246
0 OBJECT K
1 57175U 23091K   26275.28793831  .00006833  00000-0  22754-3 0  9996
2 57175  97.4928 339.5722 0010732  96.4374 263.8089 15.31404550180680
0 OBJECT P
1 57179U 23091P   26275.28421891  .00002186  00000-0  11319-3 0  9996
2 57179  97.4971 330.1963 0016104 111.7259 248.5691 15.17163810180020
0 OBJECT N
1 57178U 23091N   26275.26344791  .00007995  00000-0  24864-3 0  9998
2 57178  97.4973 342.3206 0011182  75.6209 284.6274 15.33538536180825
0 OBJECT E
1 57170U 23091E   26275.27615395  .00004527  00000-0  18084-3 0  9997
2 57170  97.4995 337.1644 0010206  80.6218 279.6173 15.25607824180483
0 OBJECT G
1 57172U 23091G   26275.23853381  .00003179  00000-0  14278-3 0  9997
2 57172  97.4926 333.5300 0013992 104.6400 255.6388 15.21817545180282
0 OBJECT C
1 57168U 23091C   26275.28042067  .00004774  00000-0  17675-3 0  9994
2 57168  97.4904 338.1439 0012344  90.5191 269.7463 15.28085654180608
0 OBJECT AL
1 57200U 23091AL  26275.23558577  .00026156  00000-0  43576-3 0  9991
2 57200  97.4951 353.6946 0003880  31.6742 328.4743 15.51985531181575
0 OBJECT AP
1 57203U 23091AP  26275.28946227  .00007456  00000-0  22646-3 0  9999
2 57203  97.4973 344.1101 0008406  65.8751 294.3370 15.34338982180959
0 OBJECT AB
1 57191U 23091AB  26275.28170064  .00002526  00000-0  12037-3 0  9999
2 57191  97.4923 332.3666 0016637 114.2997 245.9978 15.19934445180215
0 OBJECT Q
1 57180U 23091Q   26275.14922717  .00006637  00000-0  23315-3 0  9990
2 57180  97.4964 339.4543 0012484  84.1049 276.1613 15.29657991180636
0 OBJECT R
1 57181U 23091R   26275.24203806  .00001464  00000-0  81774-4 0  9990
2 57181  97.4944 327.7391 0016230 124.2031 236.0742 15.14994213179895
0 A-SEANSAT-PG1
1 57197U 23091AH  26275.25136415  .00011090  00000-0  27679-3 0  9998
2 57197  97.4968 347.3212 0007371  63.3014 296.8985 15.40332649181173
0 OBJECT S
1 57182U 23091S   26275.18745970  .00005878  00000-0  20624-3 0  9996
2 57182  97.4956 339.4702 0012495  84.3312 275.9352 15.29750707180640
0 METEOR M2-3
1 57166U 23091A   26275.31842566 -.00000027  00000-0  70111-5 0  9992
2 57166  98.5968 328.0408 0003413 203.4145 156.6879 14.24053399169768
0 OBJECT H
1 57173U 23091H   26275.20330550  .00006557  00000-0  22385-3 0  9994
2 57173  97.4927 339.3488 0010767  95.9112 264.3356 15.30613692180665
0 OBJECT M
1 57177U 23091M   26275.27946838  .00003564  00000-0  15863-3 0  9995
2 57177  97.4967 333.9226 0014446 101.8675 258.4182 15.22043268180288
0 GLOBAL-17
1 49949U 21120A   26274.32061238  .00020903  00000-0  27410-3 0  9998
2 49949  41.9922 134.2465 0018823 281.3207  78.5525 15.57885805271424
0 OBJECT U
1 57184U 23091U   26275.26960151  .00002330  00000-0  11217-3 0  9995
2 57184  97.4948 332.8492 0012539  99.2317 261.0337 15.19711549180217
0 JILIN-01 KUANFU 01
1 45016U 20003A   26275.23724723  .00001393  00000-0  86665-4 0  9994
2 45016  97.4934 347.0815 0008189 298.6235  61.4171 15.11211718371495
0 GAOFEN DUOMO (GFDM)
1 45856U 20042A   26275.32447708  .00000542  00000-0  83946-4 0  9998
2 45856  97.7622 331.2391 0012464  88.7344 271.5294 14.76877645336823
0 OBJECT D
1 48843U 21050D   26275.26293016  .00002500  00000-0  10965-3 0  9997
2 48843  97.3246 348.8267 0009859 238.5074 121.5200 15.22849312295260
0 COSMOS 2558
1 53323U 22089A   26255.07407622  .09214690  24429-5  34229-3 0  9995
2 53323  97.2053   4.5867 0014198 269.3733  90.5942 16.42755340231631
0 COSMOS 2535
1 44421U 19039A   26275.31110375  .00000162  00000-0  21243-4 0  9995
2 44421  97.5711 299.3549 0007471 206.0552 154.0292 14.92101136392619
0 OBJECT D
1 57169U 23091D   26275.27602860  .00004580  00000-0  18284-3 0  9999
2 57169  97.4989 337.0787 0011295  87.6328 272.6203 15.25609070180481
0 OBJECT E
1 57170U 23091E   26275.27615395  .00004527  00000-0  18084-3 0  9997
2 57170  97.4995 337.1644 0010206  80.6218 279.6173 15.25607824180483
0 OBJECT F
1 57171U 23091F   26275.27574212  .00004532  00000-0  18094-3 0  9997
2 57171  97.4990 337.1088 0012078  96.6083 263.6531 15.25609642180488
0 OBJECT AN
1 57202U 23091AN  26275.28171551  .00002500  00000-0  11940-3 0  9998
2 57202  97.4991 333.4829 0010855  96.2210 264.0262 15.19933836180221
0 OBJECT W
1 57186U 23091W   26275.26069006  .00005043  00000-0  17345-3 0  9998
2 57186  97.5034 342.6240 0018933  76.3984 283.9363 15.30377404180826
0 OBJECT AF
1 57195U 23091AF  26275.27651189  .00002865  00000-0  13114-3 0  9997
2 57195  97.4965 334.4187 0011671  96.6504 263.6060 15.21277383180309
0 GAOFEN 3 03
1 52200U 22035A   26275.27989845  .00000138  00000-0  55126-4 0  9990
2 52200  98.4101 282.3233 0000940  98.3265 261.8031 14.42219248236282
0 OBJECT AG
1 57196U 23091AG  26275.27083190  .00007770  00000-0  23654-3 0  9999
2 57196  97.4973 343.8808 0008590  70.0508 290.1659 15.34253907180937
0 OBJECT Y
1 57188U 23091Y   26275.27930481  .00005250  00000-0  19300-3 0  9998
2 57188  97.4946 339.4910 0009879  78.2628 281.9719 15.28302035180662
0 OBJECT J
1 57174U 23091J   26275.24022923  .00001844  00000-0  10349-3 0  9992
2 57174  97.4934 326.7844 0014224 133.4508 226.7910 15.14519201179837
0 GLOBAL-19
1 55982U 23041B   26275.10549638  .00007914  00000-0  21454-3 0  9997
2 55982  42.0014 298.2598 0006926  32.9172 327.2098 15.37873899198393
0 OBJECT AQ
1 57204U 23091AQ  26275.26570349  .00012025  00000-0  28338-3 0  9998
2 57204  97.4982 348.7756 0006319  52.4270 307.7550 15.42056636181250
0 OBJECT AU
1 57208U 23091AU  26275.24646311  .00012895  00000-0  29846-3 0  9993
2 57208  97.4981 349.0779 0006258  52.2070 307.9743 15.42581200181278
0 OBJECT AK
1 57199U 23091AK  26275.23188667  .00013083  00000-0  30510-3 0  9996
2 57199  97.4971 348.5669 0006526  57.4033 302.7844 15.42349920181245
0 OBJECT AM
1 57201U 23091AM  26275.23127857  .00012674  00000-0  30171-3 0  9992
2 57201  97.4968 348.2029 0006826  57.6372 302.5534 15.41735273181224
0 OBJECT AE
1 57194U 23091AE  26275.22901536  .00005304  00000-0  20086-3 0  9992
2 57194  97.4942 338.5277 0012468  91.6731 268.5936 15.27286093180603
0 OBJECT AD
1 57193U 23091AD  26275.23594469  .00007756  00000-0  23292-3 0  9990
2 57193  97.4939 342.3118 0010848  81.8779 278.3694 15.34664128180852
0 OBJECT AC
1 57192U 23091AC  26275.26786061  .00005544  00000-0  20753-3 0  9995
2 57192  97.4947 338.8027 0012548  90.4825 269.7851 15.27644618180624
0 OBJECT L
1 57176U 23091L   26275.29055320  .00006802  00000-0  22537-3 0  9997
2 57176  97.4940 340.3060 0012098  85.3490 274.9132 15.31552705180726
0 ASTROCAST-0103
1 47487U 21006CC  26123.02177090  .09787114  23920-5  21229-2 0  9995
2 47487  97.2367 195.6334 0013101 276.8436  83.1368 16.30381751294121
0 COSMOS 2197
1 22034U 92042A   26275.16409684  .00000024  00000-0  70161-4 0  9993
2 22034  82.5971 160.6016 0013577  33.9874 120.0848 12.64254884578807
0 COSMOS 2484
1 39059U 13001C   26275.28299675 -.00000053  00000-0 -45274-3 0  9996
2 39059  82.5038 155.3300 0025993 157.8278 202.3932 12.42942790621861
0 GONETS M 05
1 39249U 13048A   26275.25595363 -.00000039  00000-0 -35149-3 0  9992
2 39249  82.4772 276.6308 0016193 344.2921  15.7655 12.42894636592185
0 GONETS M 07
1 39251U 13048C   26275.29745007 -.00000072  00000-0 -59246-3 0  9992
2 39251  82.4840 279.5848 0017028 345.0596  14.9978 12.42917718592142
0 COSMOS 2488
1 39483U 13076A   26275.25808597  .00000092  00000-0  59549-3 0  9996
2 39483  82.4791 101.9788 0018715 221.6194 138.3462 12.42908505579195
0 COSMOS 2489
1 39484U 13076B   26275.31602088  .00000084  00000-0  53326-3 0  9999
2 39484  82.4827 103.3579 0020533 221.4601 138.4922 12.42883163579253
0 COSMOS 2490
1 39485U 13076C   26275.28800523  .00000006  00000-0 -26212-4 0  9990
2 39485  82.4774 101.3945 0020663 237.9702 121.9371 12.42881332579181
0 COSMOS 2498
1 39763U 14028C   26275.27009147  .00000138  00000-0  92383-3 0  9995
2 39763  82.4486  41.8069 0021193 198.6166 161.4140 12.42983961560859
0 COSMOS 2497
1 39762U 14028B   26275.29987944  .00000159  00000-0  10742-2 0  9997
2 39762  82.4522  43.3469 0020481 198.8681 161.1642 12.42898297560821
0 COSMOS 2496
1 39761U 14028A   26275.32597094  .00000186  00000-0  12716-2 0  9996
2 39761  82.4477  41.6005 0019892 203.8415 156.1745 12.42882073560825
0 GONETS M 10 (M20)
1 40063U 14036C   26275.28730973 -.00000053  00000-0 -45346-3 0  9993
2 40063  82.5083 241.1378 0020498 269.3470  90.5261 12.42947708555553
0 GONETS M 11 (M21)
1 40552U 15020A   26275.23111361 -.00000008  00000-0 -12821-3 0  9991
2 40552  82.4877 324.3049 0017328 127.4446 232.8213 12.42881583522033
0 GONETS M 12 (M22)
1 40553U 15020B   26275.28399531 -.00000020  00000-0 -21477-3 0  9995
2 40553  82.4913 325.4239 0016386 112.9161 247.3650 12.42893928522036
0 GONETS M 13 (M23)
1 40554U 15020C   26275.25875181  .00000013  00000-0  18716-4 0  9996
2 40554  82.4872 324.0230 0015054  98.8190 261.4595 12.42887561522000
0 COSMOS 2507
1 40920U 15050A   26275.28979921  .00000090  00000-0  57413-3 0  9997
2 40920  82.4981  12.9767 0010839 116.0505 244.1691 12.42929835500164
0 COSMOS 2508
1 40921U 15050B   26275.24581425  .00000196  00000-0  13439-2 0  9998
2 40921  82.4935  11.4694 0015017 147.8708 212.3290 12.42918770500143
0 COSMOS 2509
1 40922U 15050C   26275.26879014  .00000143  00000-0  96396-3 0  9991
2 40922  82.4943  11.5685 0015163 164.4527 195.7022 12.42887525500184
0 COSMOS 2530
1 43751U 18097A   26275.27724348 -.00000032  00000-0 -30059-3 0  9991
2 43751  82.5164 155.8396 0019171 159.1054 201.0813 12.42883693355597
0 COSMOS 2531
1 43752U 18097B   26275.29679985 -.00000002  00000-0 -85006-4 0  9990
2 43752  82.5211 156.9221 0015941 178.0632 182.0512 12.42915263355619
0 COSMOS 2532
1 43753U 18097C   26275.24480413  .00000056  00000-0  33174-3 0  9997
2 43753  82.5154 155.6917 0017282 180.8149 179.2905 12.42912535355576
0 GONETS M 14 (M24)
1 44905U 19096A   26275.27160039  .00000173  00000-0  11777-2 0  9993
2 44905  82.5290  18.2387 0012451 278.7839  81.1831 12.42873473306985
0 GONETS M 15 (M25)
1 44906U 19096B   26275.30017064  .00000126  00000-0  83695-3 0  9994
2 44906  82.5309  18.6982 0014387 303.3167  56.6534 12.42884781306959
0 GONETS M 16 (M26)
1 44907U 19096C   26275.32539729  .00000163  00000-0  11027-2 0  9994
2 44907  82.5255  17.5861 0010376 348.6832  11.4013 12.42895103306949
0 GONETS M 17
1 46486U 20068A   26275.27112061 -.00000071  00000-0 -58105-3 0  9998
2 46486  82.4932 280.8848 0022950 158.8439 201.3595 12.42886987272463
0 GONETS M 18
1 46487U 20068B   26275.31564435 -.00000100  00000-0 -79599-3 0  9993
2 46487  82.4885 279.9343 0020324 155.0127 205.1940 12.42876218272457
0 GONETS M 19
1 46488U 20068C   26275.28949569 -.00000085  00000-0 -68339-3 0  9997
2 46488  82.4911 280.4211 0013764 168.1688 191.9717 12.42895125272559
0 GONETS M 20
1 47227U 20091A   26275.30788660  .00000067  00000-0  41535-3 0  9998
2 47227  82.5025 235.8344 0020054 310.3169  49.6158 12.42896794264387
0 GONETS M 21
1 47228U 20091B   26275.28238770  .00000038  00000-0  20202-3 0  9994
2 47228  82.4952 234.4920 0014218 326.8266  33.1921 12.42889062264371
0 GONETS M 22
1 47229U 20091C   26275.25493738 -.00000028  00000-0 -27258-3 0  9998
2 47229  82.5007 235.4574 0020807 305.3789  54.5347 12.42894422264323
0 GONETS-M 23
1 54150U 22139A   26275.32343976  .00000007  00000-0 -21922-4 0  9999
2 54150  82.5010 281.7169 0021155 351.3763   8.6950 12.42893683178953
0 GONETS-M 25
1 54152U 22139C   26275.28301135  .00000024  00000-0  10197-3 0  9996
2 54152  82.4992 281.4724 0020505   0.6135 359.4966 12.42893260178957
0 XINGYUN-2 02
1 45603U 20028B   26275.28486626  .00001510  00000-0  91944-4 0  9992
2 45603  97.5115 279.4444 0009233 263.4524  96.5656 15.11890220351011
0 GONETS-M 24
1 54151U 22139B   26275.21598693  .00000027  00000-0  12136-3 0  9993
2 54151  82.4926 280.7695 0016632   3.2566 356.8619 12.42894687178944
0 ZHUHAI-1 03E
1 44539U 19060F   26275.27120139  .00011214  00000-0  24620-3 0  9994
2 44539  97.5749  69.2924 0005237   6.1829 353.9482 15.44205554392275
0 ARCADE
1 57485U 23109E   23357.86294790  .00014481  00000-0  70660-3 0  9999
2 57485   4.9977 247.6344 0009185  53.8335 306.2623 15.14746534 22250
0 SCOOBII
1 57484U 23109D   24006.48621913  .00017746  00000-0  90245-3 0  9997
2 57484   4.9510 145.7547 0005430 219.0242 140.9473 15.13763583 24325
0 VELOX-AM
1 57482U 23109B   24010.80486117  .00011208  00000-0  52712-3 0  9995
2 57482   5.0045 110.9764 0011546 327.6281  32.3119 15.15302227 25000
0 GALASSIA-2
1 57486U 23109F   23350.85418427  .00009606  00000-0  48048-3 0  9995
2 57486   5.0011 301.3018 0001321 115.2367 244.7878 15.12808902 21185
0 ORB-12 STRIDER
1 57483U 23109C   24010.79410533  .00010603  00000-0  49907-3 0  9993
2 57483   5.0027 110.8465 0013742 325.2209  34.7002 15.15065068 25008
0 NINGXIA-1 5
1 44783U 19076E   26275.29134314 -.00000175  00000-0 -29477-4 0  9996
2 44783  45.0054  60.5188 0011244 291.1437  68.8195 14.02098301352806
0 YUNHAI 1
1 41857U 16068A   26275.30427031  .00000244  00000-0  10628-3 0  9998
2 41857  98.5867 285.3269 0004186  78.6193 281.5461 14.32523016517162
0 YUNHAI 1-03
1 53877U 22115A   26275.25362623  .00000210  00000-0  93594-4 0  9999
2 53877  98.5620 272.0660 0005597  84.5265 275.6558 14.32552817210842
0 THEA
1 43796U 18099AQ  26275.18636859  .00010986  00000-0  29231-3 0  9998
2 43796  97.4330 346.1221 0005532 255.6137 104.4494 15.38379017429128
0 METEOR 2-1 DEB
1 57492U 75064F   26270.68978517  .00002921  00000-0  11315-2 0  9994
2 57492  81.2736 256.5975 0012941 138.4432 221.7736 14.29777860417637
0 HORUS 1
1 55690U 23025A   26275.28324192  .00002874  00000-0  12314-3 0  9995
2 55690  97.3366 347.5694 0002414 110.6047 249.5449 15.23562221200355
0 OBJECT R
1 57181U 23091R   26275.24203806  .00001464  00000-0  81774-4 0  9990
2 57181  97.4944 327.7391 0016230 124.2031 236.0742 15.14994213179895
Optsat 3000
1 42900U 17044A   26243.85443596 0.00005100  00000-0  22571-3 0    01
2 42900  97.3766 305.7096 0005143 131.7291 228.2707 15.21699209    04
0 LANDSAT 7
1 25682U 99020A   26275.27749023  .00000194  00000-0  45495-4 0  9994
2 25682  97.8647 274.0433 0001748  93.2993 323.4593 14.63990713461513
0 GAOFEN 1
1 39150U 13018A   26275.27095887 -.00000244  00000-0 -27694-4 0  9993
2 39150  97.8994 345.1033 0015706 282.3737  77.5715 14.76547894724040
0 HIBARI
1 49400U 21102F   26274.68312162  .00006406  00000-0  19912-3 0  9994
2 49400  97.3119 319.4532 0011378 171.6170 188.5265 15.33622589270502
0 PAZ
1 43215U 18020A   26275.27473539  .00000975  00000-0  49598-4 0  9998
2 43215  97.4468 281.1452 0001726  88.3687 271.7745 15.19147927477269
0 IMAGE
1 26113U 00017A   26273.81145828  .00000152  00000-0  00000-0 0  9996
2 26113  94.2891 316.6834 7366342 276.0467  12.3925  1.68668802163289
0 HJ-2A
1 46478U 20067A   26275.23683786  .00000024  00000-0  10543-4 0  9992
2 46478  97.8746 351.0316 0002169 290.0094  70.0882 14.76558994324050
0 SHIJIAN 6 04B (SJ-6 04B
1 37180U 10051B   26275.26506219 -.00000277  00000-0 -17527-4 0  9993
2 37180  97.8751 281.8337 0011669 322.3375  37.7030 14.99481255871721
0 KOMPSAT 3
1 38338U 12025B   26275.26046159  .00000223  00000-0  53479-4 0  9999
2 38338  98.1313 230.9427 0006283 129.2844 230.8916 14.62281769766990
0 FENGYUN 3F
1 57490U 23111A   26275.29229470  .00000001  00000-0  21037-4 0  9998
2 57490  98.6736 343.2492 0001440 106.6581 253.4754 14.19953048164060
0 H2SAT
1 57213U 23093A   26274.96833980 -.00000003  00000-0  00000-0 0  9996
2 57213   0.0475  49.0960 0000587 341.3208 329.6100  1.00267768 11982
0 NPSAT1
1 44340U 19036B   26275.27832330  .00003287  00000-0  43749-3 0  9994
2 44340  23.9986 239.8052 0007017 344.7393  15.2891 14.75402245388325
0 QIANKUN-1
1 57422U 23103B   26267.97639872 -.00024399  18657-5 -37134-4 0  9996
2 57422  96.1157 305.4034 0007085 237.8555 122.2042 16.04050039183312
0 CALIPSO
1 29108U 06016B   26275.27243338  .00000483  00000-0  90359-4 0  9992
2 29108  98.4453 294.5927 0000938  75.9158 284.2151 14.69508653 88789
0 TELEOS 2
1 56310U 23057C   26275.19799367  .00003538  00000-0  24465-3 0  9998
2 56310   9.9869 145.0118 0000829 267.5278  92.4841 14.96410711188856
0 TBA - TO BE ASSIGNED
1 81817U          24182.15771271 +.00376921 +00000+0 +50241-2 0  9994
2 81817  65.6833  85.7194 0094637 257.5768 101.4780 15.51588069  4004
0 LAPAN-TUBSAT
1 29709U 07001A   26275.25097919  .00000536  00000-0  67845-4 0  9997
2 29709  98.1415 276.9339 0011602 190.8277 169.2690 14.86040166 67057
0 HJ-2F
1 57519U 23116A   26275.28398800  .00003681  00000-0  17294-3 0  9994
2 57519  97.3896 278.6101 0008720 142.2130 217.9719 15.20191155175049
0 ADITYA-L1
1 57754U 23132A   23257.85684028 -.00001335  00000-0  00000-0 0  9992
2 57754  19.2554  17.2188 8437217 354.9359 359.1120  0.99301021    10
0 XRISM
1 57800U 23137A   26274.74483298  .00002603  00000-0  13751-3 0  9993
2 57800  31.0032  28.9418 0007538 320.6398  39.3693 15.13218225169017
0 DMSP 5D-3 F17 (USA 191)
1 29522U 06050A   26275.29680023  .00000058  00000-0  52482-4 0  9991
2 29522  98.7428 279.7002 0011174 108.2094 252.0297 14.15011912 27578
0 BEIDOU 13
1 38251U 12018B   26273.36484514 -.00000017  00000-0  00000-0 0  9995
2 38251  55.5639 300.5272 0014839 274.0533  85.8258  1.86229730 97901
0 BEIDOU 2
1 31115U 07011A   26263.10355439  .00000005  00000-0  00000-0 0  9994
2 31115  50.9044 216.1256 0002591 349.3982  10.5712  1.77349384 77830
0 RADUGA 1M-2
1 36358U 10002A   26275.33497126 -.00000243  00000-0  00000-0 0  9995
2 36358   3.8933  77.4482 0005320 232.0042 347.6566  0.98969688 51082
0 GAOFEN 2
1 40118U 14049A   26275.33430389  .00000345  00000-0  51443-4 0  9990
2 40118  97.9993 339.3799 0006007 242.0015 118.0590 14.81014308655091
0 MERIDIAN 10
1 52145U 22030A   26274.64652124  .00000165  00000-0  00000-0 0  9997
2 52145  62.6820 129.2280 6814734 272.8143  17.4556  2.00591619 33161
0 SJ-7
1 28737U 05024A   26274.64710641  .00004215  00000-0  18279-3 0  9990
2 28737  97.7205 307.6782 0015716  27.6179 332.5888 15.22837155164225
0 DAMPE
1 41173U 15078A   26275.29834459  .00000513  00000-0  19698-4 0  9999
2 41173  97.4602 281.3343 0013552  59.5603 300.6975 15.31008001600931
0 DEIMOS 2
1 40013U 14033D   26275.28862777 -.00000016  00000-0  35510-5 0  9995
2 40013  97.5638 145.9315 0001669  49.5823 310.5543 14.93956788653712
0 ZY-1 02E
1 50465U 21131A   26275.28786169 -.00000144  00000-0 -35182-4 0  9991
2 50465  98.4350 350.0559 0001989 115.7167 244.4224 14.35398424249788
0 VRSS-1
1 38782U 12052A   26275.23575552  .00001013  00000-0  13965-3 0  9996
2 38782  97.6306 246.1724 0016146 245.8563 114.0962 14.80181611755447
0 INDEX
1 28810U 05031B   26275.31582568  .00003262  00000-0  19455-3 0  9998
2 28810  98.0277  44.5274 0020318 107.1197 253.2259 15.11770396147178
0 ION SCV-002
1 47504U 21006CV  26274.95668354  .00008465  00000-0  17291-3 0  9992
2 47504  97.1185 274.7662 0012729  87.8035 272.4672 15.46319029316515
0 RUNNER-1 (TYVAK-1005)
1 56953U 23084X   26274.91775642  .00006375  00000-0  16436-3 0  9991
2 56953  97.6392  61.3211 0006409 295.6496  64.4087 15.39551965184012
0 S6 MICHAEL FREILICH
1 46984U 20086A   26274.34683609 -.00000049  00000-0  50920-4 0  9991
2 46984  66.0392 274.5556 0007917 269.0988  90.9120 12.80929895273926
0 ANSER-FLW1
1 58019U 23155D   26275.24409125  .00038109  00000-0  45895-3 0  9993
2 58019  97.5500  10.7834 0001608  66.3645 293.7780 15.60723374165588
0 ANSER-FLW2
1 58018U 23155C   26275.23984160  .00028343  00000-0  36142-3 0  9992
2 58018  97.5459   9.9988 0001251 113.0947 247.0441 15.59274325165579
0 PRETTY
1 58023U 23155H   26275.17823670  .00003109  00000-0  12786-3 0  9990
2 58023  97.5625 357.8068 0002316  55.3233 304.8222 15.24932441164652
0 CSC-1
1 58022U 23155G   26275.12707416  .00003176  00000-0  19217-3 0  9993
2 58022  97.5258 342.9744 0006742 225.2163 134.8519 15.11334806163887
0 YAOGAN 21
1 40143U 14053A   26275.30419757  .00004227  00000-0  15947-3 0  9997
2 40143  97.1375 310.9746 0009596  75.9703 284.2603 15.27515400671308
0 FORMOSAT-5
1 42920U 17049A   26275.22157890  .00000036  00000-0  20035-4 0  9997
2 42920  98.2167 348.1049 0012642 112.2988 247.9548 14.50911707482195
0 CSC-2
1 58021U 23155F   26274.72617374  .00005472  00000-0  23267-3 0  9991
2 58021  97.5338 351.7469 0004085 207.1253 152.9771 15.23447386164393
0 PVCC
1 58025U 23155K   26275.29158771  .00003597  00000-0  18545-3 0  9998
2 58025  97.5616 351.5705 0005496 115.5792 244.6009 15.17002996164215
0 MACSAT
1 58024U 23155J   26275.19222432  .00002254  00000-0  10399-3 0  9990
2 58024  97.5718 357.7693 0003635  70.2982 289.8645 15.21289161164596
0 NESS
1 58020U 23155E   26275.20927702  .00010620  00000-0  33330-3 0  9996
2 58020  97.5860   3.5617 0005859 169.3925 190.7441 15.33206064164878
0 T2V
1 58016U 23155A   26275.28573567  .00000361  00000-0  52585-4 0  9990
2 58016  97.9101 344.6856 0001339  87.1644 272.9722 14.81593493161287
0 FORMOSAT-7R/TRITON
1 58017U 23155B   26275.19528312  .00000711  00000-0  76883-4 0  9995
2 58017  97.8290 355.8180 0002532  91.4194 268.7315 14.91368616162172
0 MACSAT
1 58024U 23155J   26275.19222432  .00002254  00000-0  10399-3 0  9990
2 58024  97.5718 357.7693 0003635  70.2982 289.8645 15.21289161164596
0 APRIZESAT 10
1 40019U 14033K   26274.92591239  .00000245  00000-0  46575-4 0  9998
2 40019  97.9789  39.5892 0077387 293.3791  65.9290 14.70975999657949
0 OPS 5644
1 10033U 77044A   26275.16383010  .00000145  00000-0  72535-4 0  9999
2 10033  99.1056 328.8131 0036709 278.3659  81.3361 14.31506127383466
0 NOAA 21
1 54234U 22150A   26275.24152239  .00000023  00000-0  31693-4 0  9999
2 54234  98.7127 212.2528 0000730 228.5691 131.5422 14.19551482201730
0 USA 17
1 16625U 86014F   26275.10898295  .00002365  00000-0  24388-3 0  9997
2 16625  63.3019 167.3109 0777391 117.6428 250.5716 13.75237601357527
0 USA 17
1 16625U 86014F   26275.10898295  .00002365  00000-0  24388-3 0  9997
2 16625  63.3019 167.3109 0777391 117.6428 250.5716 13.75237601357527
0 ICESAT-2
1 43613U 18070A   26275.21325029  .00001519  00000-0  54962-4 0  9995
2 43613  91.9998 319.8723 0005752  76.1386 284.0503 15.28290680448804
0 SHIJIAN 6 02A (SJ-6 02A
1 29505U 06046A   26275.31127434  .00001766  00000-0  90468-4 0  9995
2 29505  97.6257 317.2016 0004415 117.1467 243.0217 15.17940014 88513
0 POLAR
1 23802U 96013A   26268.93925484  .00000117  00000-0  00000-0 0  9991
2 23802  80.0113 225.8418 6566234 205.5949  97.1375  1.29845792146163
0 ION SCV-013
1 58300U 23174AW  26275.31824791  .00001028  00000-0  68774-4 0  9997
2 58300  97.6029 328.9378 0097544 190.9593 168.9510 15.05467878157651
0 OBJECT CG
1 58334U 23174CG  26275.29339878  .00039585  00000-0  38211-3 0  9999
2 58334  97.3932  12.9753 0003989  88.7779 271.3939 15.66374845162541
0 SPACEVAN-001
1 58295U 23174AR  26275.30106993  .00024565  00000-0  28741-3 0  9996
2 58295  97.4003  16.7515 0006961  40.6397 319.5379 15.61534789162836
WEDGIERIDE HELLOTEST
1 70324C 23174Z   23315.82508771 -.00009936  00000+0 -55258-3 0    04
2 70324  97.5034  28.7670 0013671 274.8263  81.0817 15.13680427    19
0 PROTOMETHEE
1 58321U 23174BT  26275.26204071  .00004175  00000-0  13464-3 0  9998
2 58321  97.3688 353.2003 0008729 136.3133 223.8802 15.32687356161362
MAVERICK NLAS OMNILER1
1 70331C 23174AG  23315.82598586 -.00017487  00000+0 -98021-3 0    00
2 70331  97.4791  28.7692 0009527 284.7252  76.1239 15.13442431    17
0 UMBRA-07
1 58297U 23174AT  26274.86321292  .00004610  00000-0  28177-3 0  9991
2 58297  97.3679 326.6489 0004488  81.7159 278.4580 15.10727173159516
WEDGIERIDE HELLOTEST
1 70324C 23174Z   23315.82508771 -.00009936  00000+0 -55258-3 0    04
2 70324  97.5034  28.7670 0013671 274.8263  81.0817 15.13680427    19
EQUALIZER03 HERONMK2
1 70375C 23174CC  23315.83661433 -.00026412  00000+0 -14574-2 0    09
2 70375  97.4819  28.7762 0009329 264.3585 154.3842 15.14010932    14
0 BRO-11
1 58264U 23174J   26275.26882757  .00002143  00000-0  80732-4 0  9993
2 58264  97.3820 351.1387 0010162 179.8125 180.3120 15.28148152161108
0 BRO-10
1 58331U 23174CD  26115.38949140  .08188723  24853-5  11659-2 0  9998
2 58331  97.3464 212.6257 0014863 262.6139  97.3468 16.34539426138137
0 GENMAT-1
1 58276U 23174W   26274.79931049  .00006355  00000-0  18166-3 0  9992
2 58276  97.3598 352.5790 0006916 151.1362 209.0266 15.36317370161338
0 IMPULSE-1 MIRA
1 58301U 23174AX  26275.24186160  .00008868  00000-0  22275-3 0  9995
2 58301  97.5139   3.0525 0070328  99.2393 261.6815 15.37655417161330
0 ICEYE-X31
1 58288U 23174AJ  26275.30887932  .00010402  00000-0  28558-3 0  9998
2 58288  97.3687 351.2093 0001001 308.8050  51.3105 15.37434512161190
SUPERDOVE 003 A13
1 70346C 23174AX  23315.82819651 -.00021381  00000+0 -11934-2 0    00
2 70346  97.4860  28.7718 0010077 280.2303  92.6472 15.13591049    11
0 SKYKRAFT-1
1 55041U 23001AJ  26274.94929731  .00219056  00000-0  11541-2 0  9993
2 55041  97.3063 357.5030 0001244  40.2582 319.8777 15.80073824209832
NOSS 3-5 (A)
1 37386U 11014A   26273.12203640 0.00000000  00000-0  00000-0 0    05
2 37386  63.4219  13.4241 0366632 356.6133   3.3867 13.40998111    06
NOSS 3-3 (A)
1 28537U 05004A   26269.80197547 0.00000100  00000-0  69440-4 0    01
2 28537  63.3938 164.9479 0565010   5.3970 354.6030 13.41286853    02
0 SKYKRAFT-1C
1 55061U 23001BE  26275.13922622  .00001756  00000-0  71959-4 0  9996
2 55061  97.3069 326.3906 0011730 124.2039 236.0313 15.25522675207787
0 SKYKRAFT-1A
1 55054U 23001AX  26275.08907752  .00003300  00000-0  11545-3 0  9990
2 55054  97.3090 330.8027 0010945 109.3789 250.8636 15.30167813208069
0 TIANQI 24
1 57795U 23135D   26275.24752457  .00000006  00000-0  72410-4 0  9999
2 57795  49.9731  62.2967 0013343 273.6904  86.2482 14.23183801159876
0 GOES 18
1 51850U 22021A   26275.25642182  .00000091  00000-0  00000-0 0  9998
2 51850   0.0351  18.6747 0000748 242.9432  64.6932  1.00271827  7665
0 OBJECT T
1 57183U 23091T   26275.28711781  .00002433  00000-0  11674-3 0  9990
2 57183  97.4964 333.2463 0012552  97.2073 263.0589 15.19778871180233
0 GAOFEN-5 02
1 49122U 21079A   26275.27342391  .00000014  00000-0  13211-4 0  9997
2 49122  98.2517 348.7530 0001696  58.1905 301.9459 14.57685277269686
0 SHIJIAN 6 01A (SJ-6 01A
1 28413U 04035A   26274.64226687  .00003981  00000-0  19205-3 0  9993
2 28413  97.5802 302.0954 0007504 119.5688 240.6295 15.19257755203626
0 HAIYANG 3A
1 58349U 23176A   26275.33164122  .00000032  00000-0  27093-4 0  9992
2 58349  98.5387 352.0339 0010581  70.2184 290.0141 14.34145795150672
PICO-1A-1
1 99024U          23325.95555556  .00000000  00000-0  71105-4 0    05
2 99024  97.4837  38.7502 0015373 231.5222 237.3442 15.14398988    06
PICO-1A-2
1 99023U          23325.95555556  .00000000  00000-0  71105-4 0    04
2 99023  97.4837  38.7502 0015373 231.5222 237.3442 15.14398988    05
PICO-1A-3
1 99022U          23325.95555556  .00000000  00000-0  71105-4 0    03
2 99022  97.4837  38.7502 0015373 231.5222 237.3442 15.14398988    04
PICO-1A-4
1 99021U          23325.95555556  .00000000  00000-0  71105-4 0    02
2 99021  97.4837  38.7502 0015373 231.5222 237.3442 15.14398988    03
PICO-1A-5
1 99020U          23325.95555556  .00000000  00000-0  71105-4 0    01
2 99020  97.4837  38.7502 0015373 231.5222 237.3442 15.14398988    02
PICO-1A-6
1 99019U          23325.95555556  .00000000  00000-0  71105-4 0    09
2 99019  97.4837  38.7502 0015373 231.5222 237.3442 15.14398988    00
PICO-1A-7
1 99018U          23325.95555556  .00000000  00000-0  71105-4 0    08
2 99018  97.4837  38.7502 0015373 231.5222 237.3442 15.14398988    09
PICO-1A-9
1 99016U          23325.95555556  .00000000  00000-0  71105-4 0    06
2 99016  97.4837  38.7502 0015373 231.5222 237.3442 15.14398988    07
0 MALLIGYONG-1
1 58400U 23179A   26275.27009894  .00001694  00000-0  74591-4 0  9990
2 58400  97.2832 153.7256 0008944  22.9206 337.2428 15.23146809159053
0 TIANQI 23
1 57794U 23135C   26275.23663035  .00000131  00000-0  12760-3 0  9990
2 57794  49.9727  62.1629 0013146 273.3237  86.6171 14.23086860159877
0 TIANQI 22
1 57793U 23135B   26275.26073351 -.00000198  00000-0 -16999-4 0  9992
2 57793  49.9683  61.8817 0011884 274.9369  85.0186 14.23165848159875
0 TIANQI 21
1 57792U 23135A   26275.21431190 -.00000063  00000-0  42137-4 0  9998
2 57792  49.9723  61.9745 0013028 269.0680  90.8740 14.23167784159874
0 SKYMED 1
1 31598U 07023A   26275.25964582  .00000946  00000-0  86362-4 0  9999
2 31598  97.8813 108.0490 0000950  78.6533 281.4795 14.97495659 45815
0 SPIRIT
1 58468U 23185G   26213.60561876  .06744580  24838-5  47046-3 0  9991
2 58468  97.3119 302.7880 0014157 311.8558  48.1532 16.39916138149835
0 KORSAT 7
1 58463U 23185B   26275.31733781  .00000980  00000-0  81443-4 0  9991
2 58463  97.6361 337.7900 0026578 326.4214  33.5324 15.00803555155350
0 UHETSAT
1 58466U 23185E   26275.25556103  .00004340  00000-0  14110-3 0  9998
2 58466  97.3361 341.7770 0010873 291.8330  68.1755 15.32380697157687
0 ION SCV-015
1 58469U 23185H   26275.26888716  .00004040  00000-0  12437-3 0  9997
2 58469  97.5736   6.6822 0010437  82.0242 278.2185 15.34207137157490
0 LEMUR 2 SPECIAL K
1 48273U 21034F   26233.89258219  .16022440  26738-5  31613-3 0  9991
2 48273  97.5422 327.2581 0014020 269.6226  90.3470 16.46126917292079
0 VENUS
1 42901U 17044B   26275.27723956  .00003023  00000-0  16222-3 0  9999
2 42901  97.2635 307.2550 0003321  22.4457 337.6921 15.15665239497177
0 OBJECT AW
1 58300U 23174AW  23342.71698568  .00002993  00000-0  15398-3 0  9999
2 58300  97.4826  55.2084 0009673 285.9785  74.0383 15.17179853  4687
0 LKW-1
1 43034U 17077A   26275.29467159  .00003916  00000-0  16032-3 0  9995
2 43034  97.0913 303.8755 0002314 102.5645 257.5853 15.24851663491010
0 ONEWEB-0639
1 55803U 23029H   26274.93359054  .00000021  00000-0  20239-4 0  9999
2 55803  87.9090 283.6981 0001384  52.1834 307.9424 13.19726433172987
0 BANE
1 58465U 23185D   26165.11067950  .14997138  25321-5  30011-3 0  9994
2 58465  97.3104 254.5514 0013007 263.1406  96.8417 16.46170839142369
0 FALCONSAT-10
1 58291U 23174AM  26275.16222528  .00002658  00000-0  98473-4 0  9998
2 58291  97.3711 350.1406 0008788 158.8998 201.2606 15.28494299161102
0 QUAKESAT
1 27845U 03031F   26275.23903105  .00000205  00000-0  10637-3 0  9995
2 27845  98.6660 282.6847 0007481 249.8996 110.1379 14.25017183206852
0 PRISMA
1 44072U 19015A   26275.23863774  .00000673  00000-0  87886-4 0  9992
2 44072  97.8702 348.4692 0001440  87.5260 272.6119 14.83680622407925
0 BANE
1 58465U 23185D   26165.11067950  .14997138  25321-5  30011-3 0  9994
2 58465  97.3104 254.5514 0013007 263.1406  96.8417 16.46170839142369
0 RISAT-2BR2
1 46905U 20081A   26275.30020388  .00001350  00000-0  10965-3 0  9994
2 46905  36.8999 308.5817 0015849 300.7936  59.1245 15.00970847323574
0 LEMUR 2 JK0903EM1407
1 58336U 23174CJ  26274.82194332  .00019867  00000-0  27684-3 0  9996
2 58336  97.3892   8.6929 0004501  90.4162 269.7608 15.56955031162299
0 HOTSAT-1
1 56954U 23084Y   26275.29549435  .00002445  00000-0  10506-3 0  9999
2 56954  97.6380  51.4025 0000576  43.1950 316.9331 15.23670806183401
0 AAC-AIS-SAT2
1 56996U 23084BY  26275.24526895  .00001654  00000-0  19062-3 0  9992
2 56996  98.1640  57.7695 0057504 109.4643 251.2796 14.85962692169271
0 MISRSAT-2
1 58497U 23187B   26275.24606586  .00000582  00000-0  77324-4 0  9995
2 58497  97.9211 356.3218 0011636 151.8715 208.3130 14.83443883152918
0 ZHEDA PIXING 1C
1 37167U 10047C   26275.25887440  .00001384  00000-0  14476-3 0  9997
2 37167  97.9911 258.1210 0017502 297.7207  62.2235 14.91242825866389
0 AURA
1 28376U 04026A   26275.20723956  .00000426  00000-0  95693-4 0  9992
2 28376  98.3550 232.6190 0001195  67.3132 292.8195 14.61458732181848
0 AQUA
1 27424U 02022A   26275.29469921  .00000405  00000-0  90161-4 0  9999
2 27424  98.4424 246.7930 0001165  62.1775  41.9125 14.62219793298920
0 LEMUR 2 PETERG
1 42841U 17042S   26274.74450273  .00016016  00000-0  42873-3 0  9997
2 42841  97.4001 100.3111 0002960 333.1758  26.9334 15.38109350504793
0 CORVUS BC4
1 43767U 18099K   26274.67674537  .00002222  00000-0  12871-3 0  9990
2 43767  97.3959 314.5307 0008016   5.0285 355.1026 15.13190244428500
0 MOMENTUS-X1
1 44408U 19038Y   26274.95312311  .00058271  00000-0  35345-3 0  9993
2 44408  97.6593 330.8622 0003881 334.7679  25.3396 15.77369999403329
0 DMSP 5D-3 F16 (USA 172)
1 28054U 03048A   26275.26402139  .00000009  00000-0  28255-4 0  9998
2 28054  98.9845 299.7792 0006736 195.7283 248.8822 14.14492940184629
0 NANOFF B
1 58755U 23185S   26275.29231818  .00001687  00000-0  99558-4 0  9997
2 58755  97.5154 341.2353 0010788 299.4921  60.5234 15.12858014150061
0 FENGYUN 2H
1 43491U 18050A   26275.12512869 -.00000133  00000-0  00000-0 0  9999
2 43491   3.2983  77.7093 0003081 154.7112 262.7889  1.00270237 30517
0 EROS B
1 29079U 06014A   26036.62405139  .40100622  32075-5  68134-2 0  9996
2 29079  97.3469 162.1703 0054655 337.2927  22.5949 16.28449932 99495
0 NANOFF A
1 58810U 23185T   26275.29230476  .00001819  00000-0  10710-3 0  9997
2 58810  97.5152 341.2071 0008607 304.0196  56.0216 15.12854024149236
0 GRUS-1A
1 43890U 18111Q   26275.32047328  .00000460  00000-0  42630-4 0  9996
2 43890  97.4356 137.6010 0008270 139.9772 220.2063 14.98901584423758
0 ZY 1
1 38038U 11079A   26275.28641188  .00000102  00000-0  47689-4 0  9991
2 38038  98.3960 340.3007 0006283 358.5365  88.4177 14.38281854774603
0 GPM
1 39574U 14009C   26275.21231426  .00003684  00000-0  82492-4 0  9995
2 39574  64.9703 309.4836 0010804 267.8921  92.0983 15.45199636714349
0 NINGXIA-1 2
1 44780U 19076B   26275.26565411 -.00000028  00000-0  66195-4 0  9990
2 44780  45.0082  61.6917 0006786 294.3765  65.6360 14.02129328352881
0 GNOMES-3
1 52158U 22033B   26274.75005944  .00000879  00000-0  10827-3 0  9991
2 52158  97.8147 349.1275 0010129 341.2077  18.8763 14.85390366243150
0 ZHEDA PIXING 1B
1 37166U 10047B   26275.24782580  .00001421  00000-0  14739-3 0  9998
2 37166  97.9624 254.3335 0017738 290.0850  69.8459 14.91513309866374
0 ASTROCAST-0101
1 47430U 21006T   26179.81698145  .05040908  23401-5  19512-2 0  9995
2 47430  97.2027 249.7266 0015329 265.1088  94.8453 16.23711460301821
0 THEOS
1 33396U 08049A   26275.27261075  .00000225  00000-0  12546-3 0  9997
2 33396  98.5448 329.0157 0001245  84.2405 275.8914 14.20145074933162
0 SHIYAN 3 (SY-3)
1 33433U 08056A   26274.91230982  .00000048  00000-0  35195-4 0  9999
2 33433  98.6012 300.3867 0013704 175.7891 184.3410 14.30830171934065
0 NINGXIA-1 3
1 44781U 19076C   26275.25177463 -.00000059  00000-0  46203-4 0  9998
2 44781  44.9999  59.8973 0010390 288.2130  71.7573 14.02015058352880
0 ZHANGHENG 1
1 43194U 18015C   26275.32089209  .00003781  00000-0  17464-3 0  9995
2 43194  97.6974  83.1791 0012986 263.4951  96.4805 15.20780210480921
0 WEIHAI 1-02
1 58925U 24024J   26249.49700662  .15608979  25340-5  14634-3 0  9993
2 58925  97.2766 347.0596 0012612 267.5716  92.4146 16.50953658182632
0 WILDFIRE 5
1 57769U 23133N   26275.23116776  .00000044  00000-0  28565-4 0  9999
2 57769  80.9997 265.0433 0007012  78.3984 281.7959 13.85934562155851
0 RISING 2
1 39769U 14029D   26275.28217020  .00003037  00000-0  25266-3 0  9991
2 39769  97.6450 341.8009 0002197 358.6462   1.4755 14.99430706669595
0 YAOGAN 3
1 32289U 07055A   26275.30596105  .00001110  00000-0  11761-3 0  9994
2 32289  97.8088 304.1145 0001861  85.1214 275.0217 14.91102249 21832
0 TIRSAT
1 58989U 24032C   26275.26422288  .00000548  00000-0  93808-4 0  9995
2 58989  97.9853 331.8503 0005478 152.1587 207.9914 14.72656982140847
0 WILDFIRE 3
1 57758U 23133C   26274.91530457  .00000076  00000-0  56092-4 0  9998
2 57758  80.9929 263.3206 0009680  69.0074 291.2117 13.86293245155885
0 METEOR M2-4
1 59051U 24039A   26275.31389677  .00000003  00000-0  20956-4 0  9993
2 59051  98.7159 233.3284 0006296 213.1613 146.9171 14.22438822134492
0 OBJECT Q
1 59065U 24039Q   26275.25326458  .00007204  00000-0  14074-3 0  9992
2 59065  97.4952 259.7832 0011085  87.4492 272.8027 15.47723974145195
0 EXO-0
1 59175U 23174DK  26274.74812012  .00005753  00000-0  16465-3 0  9995
2 59175  97.3743 355.0663 0009717 141.8818 218.3115 15.36300314161392
0 OBJECT U
1 59071U 24039U   26275.28459248  .00001645  00000-0  12839-3 0  9996
2 59071  95.3795 308.8970 0140808 312.7680  46.1769 14.94370739140730
0 OBJECT T
1 59068U 24039T   26275.30960426  .00002100  00000-0  16325-3 0  9991
2 59068  95.3794 308.8610 0140914 312.8506  46.0950 14.94337321140733
0 OBJECT S
1 59067U 24039S   26275.30318407  .00002047  00000-0  16067-3 0  9999
2 59067  95.3793 308.5339 0141942 314.5276  44.4423 14.93898901140700
0 OBJECT R
1 59066U 24039R   26275.28656436  .00001726  00000-0  13521-3 0  9997
2 59066  95.3792 308.6479 0141555 313.8783  45.0819 14.94118557140719
0 TAIJING-1 03
1 58821U 24016B   26242.52870013  .11186211  25770-5  40457-3 0  9999
2 58821  97.4195 346.4111 0014578 271.9897  87.9734 16.42832281145970
0 BNU-1
1 44529U 19059B   26275.29678042  .00000164  00000-0  56014-4 0  9999
2 44529  98.6216  46.4574 0014164  52.6884 307.5597 14.48453785372497
0 SAOCOM 1-A
1 43641U 18076A   26275.27532733  .00000172  00000-0  28163-4 0  9998
2 43641  97.8890 100.4883 0001450  87.4073 272.7306 14.82153345431960
0 HODOYOSHI 3
1 40015U 14033F   26275.15180768  .00000588  00000-0  73448-4 0  9990
2 40015  97.6549  73.9887 0032774   4.7885 355.3638 14.85582753663500
0 METHANESAT
1 59101U 24043D   26274.91309920  .00001647  00000-0  14272-3 0  9990
2 59101  97.8593  46.6040 0010275  23.2656 336.9029 14.98493045140631
0 RROCI-2
1 59106U 24043J   26274.91000570  .00001398  00000-0  11622-3 0  9993
2 59106  97.8558  48.6280 0016741  39.4598 320.7841 15.00297456140762
0 BRO-12
1 59108U 24043L   26275.30662039  .00000818  00000-0  76198-4 0  9999
2 59108  97.8623  46.9529 0008016   5.9134 354.2181 14.97034269140668
0 BRO-13
1 59107U 24043K   26275.32786258  .00000894  00000-0  83260-4 0  9992
2 59107  97.8646  46.7888 0009091  12.1304 348.0135 14.96799579140640
0 LIZZIESAT
1 59132U 24043AL  26274.92086988  .00002092  00000-0  79058-4 0  9990
2 59132  97.5793  52.3672 0009480 223.4633 136.5860 15.28125906143232
JACKAL-01 
1 98922C 24043AJ  24064.97064002 -.00029666  00000+0 -15235-2 0    08
2 98922  97.4583 190.2675 0011705 291.9497 116.7363 15.16533473    19
OPTIMUS-2 
1 98924C 24043AG  24064.96912382 -.00022852  00000+0 -11726-2 0    03
2 98924  97.4607 190.2683 0012310 292.6704 107.7367 15.16553289    10
JACKAL-02 
1 98923C 24043AH  24064.96982752 -.00028660  00000+0 -14603-2 0    00
2 98923  97.4581 190.2667 0012208 286.9284 117.3245 15.16802525    19
0 APEX ARIES 1
1 59129U 24043AH  26275.19398933  .00017990  00000-0  21859-3 0  9990
2 59129  97.5599  71.9102 0005232 158.8109 201.3366 15.60626990144583
0 YAM-6
1 59126U 24043AE  26275.21181693  .00005484  00000-0  14562-3 0  9991
2 59126  97.5719  59.5629 0007565 196.5383 163.5616 15.38700484143766
PYXIS 
1 98928C 24043Z   24064.96362498 -.00019857  00000+0 -10212-2 0    04
2 98928  97.4616 190.2622 0012654 293.5426  76.8606 15.16470561    12
ROSE 
1 98927C 24043AB  24064.96436803 -.00012115  00000+0 -62395-3 0    05
2 98927  97.4583 190.2622 0012061 295.1627  79.3014 15.16422602    11
0 SENTRY
1 59140U 24043AU  26083.41189137  .04762685  25479-5  11746-2 0  9996
2 59140  97.5148 239.7250 0008888 280.4836  79.5456 16.29150633115421
0 CONTECSAT-1
1 59117U 24043V   26275.25381485  .00003381  00000-0  98812-4 0  9991
2 59117  97.5806  59.4464 0006104 170.6872 189.4485 15.36016477143696
0 SONATE-2
1 59112U 24043Q   26274.93463072  .00043145  00000-0  39677-3 0  9998
2 59112  97.5639  72.6589 0005279 166.2012 193.9394 15.67558490144565
0 PE2_FLT1 (TYVAK-0261)
1 59105U 24043H   26275.17079854  .00001482  00000-0  13185-3 0  9992
2 59105  97.8517  46.2182 0006563  51.7255 308.4557 14.97614064140668
0 PE2_FLT2 (TYVAK-0262)
1 59104U 24043G   26275.16975760  .00001368  00000-0  12209-3 0  9990
2 59104  97.8530  46.2717 0006656  55.3870 304.7979 14.97624174140662
0 MUSAT2
1 59099U 24043B   26274.93732844  .00003949  00000-0  24915-3 0  9995
2 59099  97.8756  56.2728 0006429 340.7153  19.3831 15.09708658141190
VEERY-0E
1 98913C 24043E   24064.95738192  .00070905  00000+0  35639-2 0    04
2 98913  97.4682 190.2519 0011942 275.7224  60.6004 15.17249766    16
0 OBJECT E
1 56747U 23072E   26275.26813541  .00019057  00000-0  30813-3 0  9995
2 56747  97.4911 128.8887 0001700 356.2696   3.8544 15.52893257186971
0 OBJECT W
1 56866U 23081W   26275.25628708  .00003628  00000-0  14371-3 0  9993
2 56866  97.2779 335.9959 0010174   2.2929 357.8355 15.25994096184351
0 OBSERVER-1A
1 58323U 23174BV  26275.26613757  .00006984  00000-0  17305-3 0  9993
2 58323  97.3882   0.0661 0008938 126.0329 234.1747 15.40684005161687
0 GHOST-4
1 59133U 24043AM  26275.19567951  .00010331  00000-0  21352-3 0  9993
2 59133  97.5752  64.5498 0007344 182.5398 177.5815 15.45999033144054
0 COSMOS 2501 (GLONASS)
1 40315U 14075A   26273.88408791  .00000028  00000-0  00000-0 0  9995
2 40315  63.6158 186.7160 0021832 209.0351 150.8897  2.13101414 92106
0 NAVSTAR 56 (USA 180)
1 28474U 04045A   26274.08736936 -.00000050  00000-0  00000-0 0  9997
2 28474  55.0672 320.6233 0172870 319.0886 101.9046  2.00560377160559
0 NAVSTAR 59 (USA 192)
1 29601U 06052A   26275.11545713  .00000017  00000-0  00000-0 0  9998
2 29601  54.9196 209.7715 0086007  91.1762 269.8152  2.00563883145550
0 LES 5
1 02866U 67066E   26275.24417890 -.00000095  00000-0  00000-0 0  9999
2 02866   2.8666  93.2632 0052453 215.1391  84.7388  1.09425836132202
0 QAEM 100 R/B
1 58818U 24015B   26275.15033891  .00000007  00000-0  33226-4 0  9991
2 58818  64.5009 121.9555 0033493 243.2375 116.5283 14.44335503142355
USA 184
1 29249U 06027A   25061.43605570 0.00000030  00000-0  00000-0 0    01
2 29249  63.5688 295.0503 7092995 274.1647  14.7875  2.00618127    09
0 ICEYE-X38
1 59100U 24043C   26275.23747089  .00002758  00000-0  15736-3 0  9997
2 59100  97.8553  62.0942 0003801  83.2713 276.8949 15.13650502127860
0 ICEYE-X37
1 59102U 24043E   26275.12030021  .00002082  00000-0  14398-3 0  9991
2 59102  97.8463  53.9499 0015178  12.1791 347.9800 15.06782691141189
0 CAS500-1
1 47932U 21022A   26275.29135734  .00003190  00000-0  15059-3 0  9994
2 47932  97.3737 168.2783 0003430 272.0843  88.0000 15.20149393307030
0 ICEYE-X30
1 56947U 23084R   26143.38323289  .14366460  26620-5  36953-3 0  9992
2 56947  97.5435 302.7258 0012790 274.1156  85.8683 16.44816394165060
0 HORACIO
1 59098U 24043A   26275.31182025  .00001400  00000-0  12087-3 0  9994
2 59098  97.8655  47.8968 0010492  31.7421 328.4432 14.98883085140712
0 LEMUR 2 CAEL
1 58903U 24022E   26275.05382053  .00011257  00000-0  24796-3 0  9990
2 58903  97.3943 127.6370 0008615  73.3775 286.8418 15.44073347148817
0 GHOST-5
1 59130U 24043AJ  26275.15903760  .00009993  00000-0  21020-3 0  9992
2 59130  97.5740  63.9411 0006991 183.6571 176.4628 15.45495251144028
0 TABLETSAT AURORA
1 40017U 14033H   26275.26046978  .00002271  00000-0  11283-3 0  9997
2 40017  98.0160 355.7993 0010761 201.1302 158.9488 15.18781210671453
0 SJ-9B
1 38861U 12056B   26275.25243308  .00000933  00000-0  98098-4 0  9992
2 38861  97.6113 255.5514 0014132 213.8139 146.2180 14.91642437755684
0 CENTAURI-6
1 59451U 24066K   26274.98281009  .00002664  00000-0  19344-3 0  9992
2 59451  45.6066  56.3681 0002330 268.4529  91.6089 15.06611556136229
0 AAC-AIS-SAT3
1 58997U 23174DJ  26275.27236028  .00001619  00000-0  19463-3 0  9990
2 58997  97.6140 319.2907 0005647 340.4844  19.6155 14.85242926157044
0 OBJECT G
1 58923U 24024G   26111.61655249  .10152892  24702-5  94718-3 0  9998
2 58923  97.2921 208.5414 0015510 249.5484 110.4149 16.38359028124621
0 HAWK-8A
1 59443U 24066B   26275.18671782  .00000600  00000-0  66826-4 0  9993
2 59443  45.6029  83.3286 0003688 258.6470 101.3997 14.99448253135895
0 KORSAT-1
1 59452U 24066L   26275.24045124  .00001723  00000-0  16011-3 0  9992
2 59452  45.4115  49.5647 0006954 276.1084  83.9001 14.98654264136116
0 WSF-M
1 59481U 24070A   26274.98885985  .00000005  00000-0  22412-4 0  9991
2 59481  98.7201 281.5034 0005181  27.2879 332.8569 14.20751858128265
0 COBE
1 20322U 89089A   26275.26397464 -.00000165  00000-0 -74815-4 0  9999
2 20322  98.9028 275.4109 0009215 135.6371 235.2743 14.05481359889706
0 ACS 3
1 59588U 24077B   26274.69258272  .00019048  00000-0  13260-1 0  9992
2 59588  97.2337 170.3366 0047404 339.5486  20.3783 13.98099877122909
0 NEONSAT-1
1 59587U 24077A   26275.24333208  .00008750  00000-0  21499-3 0  9999
2 59587  97.3430 359.6422 0007756  16.5022 343.6476 15.40868922136204
0 STRIX-3
1 59224U 24047A   26275.27677903  .00004452  00000-0  20490-3 0  9995
2 59224  97.6747 252.7153 0014397  55.3966 304.8624 15.20772774141013
0 ASNARO
1 40298U 14070A   26275.23104123  .00002699  00000-0  12992-3 0  9995
2 40298  97.3354 348.4076 0005958 145.1432 215.0194 15.19580636660261
0 ICEYE-X25
1 56963U 23084AH  26275.28547963  .00025932  00000-0  24349-3 0  9998
2 56963  97.5993  69.6231 0002536 260.5458  99.5515 15.67154289184719
0 YAOGAN 4
1 33446U 08061A   26274.81969110  .00000558  00000-0  74512-4 0  9992
2 33446  97.9348 207.5673 0015679  83.6904 276.6095 14.83365077961476
0 OBJECT J
1 59781U 24092J   26275.27774986  .00000092  00000-0  51178-4 0  9996
2 59781  98.6820  34.2668 0011112 253.3437 106.6526 14.31880447124224
0 OBJECT H
1 59780U 24092H   26275.27923007  .00000091  00000-0  50708-4 0  9992
2 59780  98.6818  34.2624 0011227 253.1503 106.8449 14.31880213124228
0 OBJECT G
1 59779U 24092G   26275.27953646  .00000078  00000-0  45952-4 0  9992
2 59779  98.6822  34.2711 0010886 251.7071 108.2928 14.31875602124226
0 HAWK-9A
1 59446U 24066E   26274.54660566  .00000713  00000-0  76057-4 0  9995
2 59446  45.6092  87.3725 0003709 247.8009 112.2479 14.99404783135797
0 OBJECT H
1 42832U 17042H   26275.19290159  .00002871  00000-0  18609-3 0  9996
2 42832  97.4302  72.1788 0011178 103.9859 256.2613 15.08834038503072
0 EXCITE
1 43819U 18099BP  26274.67036867  .00000764  00000-0  55054-4 0  9996
2 43819  97.3873 309.2052 0017861 351.9132   8.1806 15.06861477427788
0 SHIJIAN 6 04A (SJ-6 04A
1 37179U 10051A   26275.30226035  .00002959  00000-0  14435-3 0  9992
2 37179  97.8231 302.2431 0017128 211.6176 148.4030 15.19035950873205
0 HAIYANG 2A
1 37781U 11043A   26275.26802398  .00000141  00000-0  20569-3 0  9996
2 37781  99.3462 275.2731 0003859  93.8207 266.3381 13.71121893761348
0 SCISAT 1
1 27858U 03036A   26274.58087574  .00000244  00000-0  35746-4 0  9996
2 27858  73.9303 319.9338 0007571 347.8211  12.2781 14.81550495247207
0 NEXSAT-1
1 58921U 24024E   26275.27065124  .00003909  00000-0  11833-3 0  9996
2 58921  97.2953 348.1521 0009811  94.2697 265.9667 15.34730253148313
0 SWARM C
1 39453U 13067C   26275.27699301  .00006920  00000-0  11829-3 0  9991
2 39453  87.3371  15.0454 0002886 101.3134 258.8452 15.51058691722805
0 SWARM B
1 39451U 13067A   26275.28237022  .00001716  00000-0  59457-4 0  9996
2 39451  87.7408 309.7884 0002985  80.2016 279.9571 15.29109646699601
0 SWARM A
1 39452U 13067B   26275.27709114  .00006837  00000-0  11685-3 0  9991
2 39452  87.3369  16.4617 0002860 101.6895 258.4687 15.51059850722844
0 OBJECT C
1 59775U 24092C   26275.31930603  .00006474  00000-0  21736-3 0  9990
2 59775  97.6776  49.7614 0008855 159.8217 200.3375 15.31192694131968
0 OBJECT B
1 60089U 24116B   26275.05930338  .00000845  00000-0  84805-4 0  9996
2 60089  28.9945 161.9534 0005121  48.6276 311.4757 14.83730670123488
0 ORBCOMM FM 107
1 40087U 14040B   26274.38946903  .00000171  00000-0  72095-4 0  9997
2 40087  47.0055 310.0769 0002023 270.5083  89.5571 14.59029235649936
0 ORBCOMM FM 109
1 40086U 14040A   26274.38775900  .00000151  00000-0  68191-4 0  9993
2 40086  47.0037 309.3451 0001929 314.2399  45.8328 14.58930457649856
0 ORBCOMM FM 118
1 41183U 15081E   26275.24690070  .00000293  00000-0  98407-4 0  9998
2 41183  47.0036 215.5485 0002957 175.0570 185.0346 14.58828351573363
0 HAMMER
1 59148U 24043BC  26275.28074072  .00016874  00000-0  22541-3 0  9995
2 59148  97.5533  69.9171 0003814 173.0978 187.0331 15.58134158144457
0 OBJECT B
1 59774U 24092B   26275.32427060  .00006210  00000-0  21351-3 0  9999
2 59774  97.6629  47.5859 0008860 157.6564 202.5064 15.30441737131916
0 ICEYE-X36
1 59103U 24043F   26275.25826870  .00002220  00000-0  14979-3 0  9990
2 59103  97.8519  55.3944 0004998 328.4204  31.6722 15.07708983141276
0 LYNK TOWER 1
1 52162U 22033F   26070.14744489  .04219028  24166-5  81675-3 0  9992
2 52162  97.2464 176.1299 0007275 250.4255 109.6255 16.31783425221484
0 TECHEDSAT-11
1 60208U 24125F   26046.49759830  .22159603  22509-5  50511-2 0  9998
2 60208  97.2328 260.3655 0009466 338.6387  21.4511 16.29991395 90512
0 R5-S2
1 60207U 24125E   26274.80740703  .00011534  00000-0  22085-3 0  9993
2 60207  97.2221 126.5210 0013882 193.2250 166.8639 15.48098185125669
0 R5-S4
1 60206U 24125D   26274.33117471  .00010158  00000-0  20950-3 0  9990
2 60206  97.2250 125.0551 0014509 197.8213 162.2530 15.45965181125518
0 R5-S4
1 60206U 24125D   26274.33117471  .00010158  00000-0  20950-3 0  9990
2 60206  97.2250 125.0551 0014509 197.8213 162.2530 15.45965181125518
0 OBJECT A
1 60203U 24125A   26275.06359312  .00181905  00000-0  69294-3 0  9993
2 60203  97.1990 137.6357 0006900 146.4523 213.7187 15.87053090126455
0 OBJECT G
1 60209U 24125G   26275.04925971  .00105983  00000-0  59660-3 0  9995
2 60209  97.2069 135.9621 0007326 156.9834 203.1764 15.78875019126332
0 CATSAT
1 60246U 24125J   26275.04051293  .00119640  00000-0  77699-3 0  9990
2 60246  97.1905 130.0357 0015217 136.7119 223.5345 15.75468047124114
NOSS 3-6 (A)
1 38758U 12048A   26255.11317649 0.00000000  00000-0  00000-0 0    01
2 38758  63.4236 347.0777 0322039 357.6542   2.3457 13.41058725    00
0 GCOM-C
1 43065U 17082A   26275.19562775  .00000055  00000-0  40387-4 0  9996
2 43065  98.6184 347.3764 0001100  95.6711 264.4596 14.27274816457207
0 OBJECT G
1 60241U 24128G   26275.21646760  .00001922  00000-0  13713-3 0  9996
2 60241  61.9898 198.1463 0024253 157.2406 202.9769 15.08166591122450
0 OBJECT C
1 60237U 24128C   26275.24906829  .00001709  00000-0  12644-3 0  9994
2 60237  61.9895 200.4502 0024810 158.2811 201.9340 15.07257281122408
0 ISTSAT-1
1 60238U 24128D   26275.30728035  .00003278  00000-0  19802-3 0  9999
2 60238  61.9873 187.0358 0022711 151.2229 209.0125 15.12702926122663
0 3CAT-4
1 60236U 24128B   26275.25834554  .00000767  00000-0  72815-4 0  9999
2 60236  61.9914 212.5489 0026996 163.8671 196.3286 15.02514614122193
0 OBJECT A
1 60235U 24128A   26275.27158142  .00000919  00000-0  85967-4 0  9993
2 60235  61.9938 218.6589 0034454 164.5350 195.6802 15.01501900122083
0 ROBUSTA-3A
1 60243U 24128J   26275.18277556  .00003647  00000-0  21741-3 0  9993
2 60243  61.9860 189.5026 0026173 149.3312 210.9320 15.12874201122609
0 OBJECT H
1 60242U 24128H   26275.22140674  .00003807  00000-0  22093-3 0  9996
2 60242  61.9776 186.2809 0024006 152.9587 207.2766 15.13800202122653
0 OOV-CUBE
1 60240U 24128F   26275.30252806  .00000995  00000-0  88267-4 0  9995
2 60240  61.9940 211.9543 0029281 158.9696 201.2607 15.03144298122217
0 ARIANE 6 R/B
1 60239U 24128E   26275.24013753  .00000529  00000-0  57637-4 0  9992
2 60239  62.0113 219.7125 0027872 161.9743 198.2343 15.00626735122098
0 ICEYE-X26
1 56961U 23084AF  26151.53340426  .07996038  26164-5  98774-3 0  9990
2 56961  97.5464 315.9673 0014332 270.4834  89.4821 16.35905726166626
0 KINEIS-1D
1 60082U 24114D   26275.33021601  .00000267  00000-0  45652-4 0  9997
2 60082  97.9863 294.3001 0001460 149.8172 210.3122 14.76435466122936
0 ALSAT 2A
1 36798U 10035D   26275.30048311  .00000704  00000-0  11281-3 0  9991
2 36798  97.7700 273.4881 0001045  89.6686 270.4644 14.74607692869546
0 KINEIS-1E
1 60083U 24114E   26275.27879640  .00000316  00000-0  47663-4 0  9994
2 60083  97.8919 297.0125 0002015 188.5076 171.6102 14.80786821123235
0 KINEIS-1B
1 60079U 24114A   26275.29627701  .00000237  00000-0  37632-4 0  9997
2 60079  97.9792 298.9617 0003850 103.8735 256.2906 14.80761651123254
0 PNEO4
1 49070U 21073E   26275.32586486  .00000362  00000-0  52563-4 0  9993
2 49070  97.8949 348.5489 0001392  86.2652 273.8720 14.81674183277236
0 KINEIS-1C
1 60081U 24114C   26275.26240113  .00000227  00000-0  36352-4 0  9992
2 60081  97.9812 298.8009 0001504 133.7455 226.3882 14.80758847123220
0 KINEIS-1A
1 60084U 24114F   26275.31357125  .00000323  00000-0  48695-4 0  9993
2 60084  97.8892 297.1121 0004974 138.8254 221.3334 14.80752198123246
0 ICEYE-X4
1 44390U 19038D   26275.29943892  .00006163  00000-0  20614-3 0  9991
2 44390  97.8665 314.6330 0010984 289.8366  70.1690 15.31338254398184
Ofeq 16
1 45860U 20044A   26192.06578033 0.00002200  00000-0  18339-3 0    09
2 45860 141.0845 341.1901 0010440 109.2332 250.7661 14.97770392    02
0 EINSTEIN PROBE
1 58753U 24007A   26275.27522466  .00001675  00000-0  11237-3 0  9993
2 58753  28.9984 236.7324 0009383 257.7730 102.1817 15.02309003149682
0 JASON 3
1 41240U 16002A   26275.26487104 -.00000029  00000-0  13215-3 0  9991
2 41240  66.0395 260.7121 0008579 267.5493  92.4543 12.87627960501030
0 GOES 16
1 41866U 16071A   26275.30873556 -.00000097  00000-0  00000-0 0  9996
2 41866   0.5996  84.0254 0002288 147.4449 146.0294  1.00270964 36174
0 ALPHASAT (I-4A F4)
1 39215U 13038A   26275.18562228  .00000130  00000-0  00000-0 0  9995
2 39215   3.0052   0.5899 0003864 206.5830 255.4420  1.00270564 45093
0 PNEO3
1 48268U 21034A   26275.29211154  .00000203  00000-0  32373-4 0  9992
2 48268  97.8946 348.5192 0001329  86.4913 273.6452 14.81672741293511
0 ICEYE-X21
1 55049U 23001AS  26175.21618542  .01585954  23968-5  60214-3 0  9995
2 55049  97.3001 262.6152 0012377 285.9702  74.0225 16.24069885194757
0 UFO 11 (USA 174)
1 28117U 03057A   26274.89764910 -.00000104  00000-0  00000-0 0  9995
2 28117   9.0544  33.2523 0003942 168.5275 207.3880  1.00271398 83520
0 FLOCK 4Q 1
1 58270U 23174Q   26173.35000446  .04501227  24635-5  14221-2 0  9998
2 58270  97.3819 269.3494 0017907 276.3246  83.6006 16.25979091146858
0 OBJECT BQ
1 60530U 24149BQ  26274.74810800  .00001342  00000-0  12248-3 0  9993
2 60530  97.6692 347.3938 0001467  89.8804 270.2585 14.96729513115897
0 CONNECTA IOT-3
1 60475U 24149H   26274.75232931  .00005040  00000-0  20860-3 0  9993
2 60475  97.3644 348.9653 0001604 230.3536 129.7560 15.24383712118037
0 NIGHTJAR
1 60535U 24149BV  26274.77586340  .00001669  00000-0  14057-3 0  9992
2 60535  97.6797 349.9853 0003497  72.1084 288.0520 14.99544008158847
CAPELLA-15 (ACADIA-5)
1 98863C 24149CW  24229.89650970 -.00076976  00000+0 -75840-2 0    02
2 98863  97.7459 305.3851 0005951 140.4822 217.9113 14.92163222    10
0 LEMU-NGE
1 60532U 24149BS  26274.99756940  .00000779  00000-0  75846-4 0  9993
2 60532  97.6750 347.7706 0001951  64.1880 295.9542 14.95291070115910
0 SATELIOT_4
1 60537U 24149BX  26274.92968164  .00000688  00000-0  64846-4 0  9991
2 60537  97.6641 347.3608 0002815  58.9854 301.1644 14.96961249115942
GNOMES-5
1 98841C 24149CP  24229.89561965 -.00076748  00000+0 -76177-2 0    04
2 98841  97.7506 305.3839 0004412 139.6930 213.9132 14.91874103    19
0 DEIMOS
1 60526U 24149BL  26274.81516326  .00012568  00000-0  24365-3 0  9997
2 60526  97.3728   2.7844 0003844 247.6156 112.4687 15.47822283118924
0 SATORO-T2
1 60477U 24149K   26061.88553982  .13776444  25362-5  33611-3 0  9993
2 60477  97.3523 155.3904 0011875 278.2121  81.7834 16.45214830 86646
0 LEMUR 2 TOMATOKECHUP
1 60471U 24149D   26274.81067974  .00006861  00000-0  18593-3 0  9991
2 60471  97.3732 357.2397 0001805 161.3895 198.7416 15.37972718118549
0 WARATAH SEED-1
1 60469U 24149B   26274.99965143  .00009100  00000-0  24284-3 0  9995
2 60469  97.3612 355.8169 0001863 159.8609 200.2710 15.38353045118524
0 PTD-R (TYVAK-0127)
1 60523U 24149BH  26166.10956565  .08494645  25249-5  54306-3 0  9992
2 60523  97.3587 267.1148 0014665 263.0313  96.9318 16.40205066103118
0 TOMORROW-S2
1 60485U 24149T   26274.79257030  .00005037  00000-0  15503-3 0  9999
2 60485  97.3745 355.5819 0001375 226.7057 133.4071 15.34112892118422
0 LEMUR 2 STELLA
1 60533U 24149BT  26275.03521094  .00006997  00000-0  39153-3 0  9998
2 60533  97.6677 358.0788 0001399  90.7026 269.4365 15.13772232116653
0 KANYINI
1 60556U 24149CS  26275.02167509  .00041425  00000-0  48048-3 0  9997
2 60556  97.3659   5.4523 0002092 195.5502 164.5692 15.61686472119136
0 ARCTIC WEATHER SATELLIT
1 60543U 24149CD  26274.74381916  .00000434  00000-0  50811-4 0  9998
2 60543  97.6699 342.1035 0003521 108.1351 252.0251 14.89802382115160
HYPERFIELD-1
1 98848C 24149T   24229.82980947  .00002698  00000+0  13191-3 0    08
2 98848  97.4479 305.4175 0007828 143.5281 212.0284 15.18271070    15
0 TYCHE
1 60496U 24149AE  26275.16161714  .00002223  00000-0  89701-4 0  9992
2 60496  97.3666 351.4778 0000328 221.0180 139.1034 15.25832643118219
0 TANAGER-1 4001
1 60507U 24149AR  26275.02543501  .00010675  00000-0  23615-3 0  9999
2 60507  97.2276   8.6649 0000528  39.8807 320.2481 15.43990399119526
0 ORESAT0.5
1 60525U 24149BK  26274.78097754  .00015001  00000-0  27962-3 0  9992
2 60525  97.3665   2.6803 0003915 238.4154 121.6715 15.48910838118954
0 CONNECTA IOT-1
1 60472U 24149E   26274.99294370  .00004878  00000-0  20165-3 0  9997
2 60472  97.3667 349.4847 0000661 228.7756 131.3425 15.24446318118061
0 SATELIOT_3
1 60552U 24149CN  26274.72731270  .00000542  00000-0  50297-4 0  9996
2 60552  97.6736 349.7191 0005878  84.6138 275.5755 14.98395905116030
0 EAGLEEYE
1 60508U 24149AS  26266.32291028  .12422171  25427-5  23333-3 0  9990
2 60508  97.3364   7.3674 0013278 273.1936  86.7847 16.46500711118496
0 PTD-4
1 60565U 24149DB  26274.83028792  .00012694  00000-0  49569-3 0  9990
2 60565  97.6931   6.5052 0002706  46.7606 313.3857 15.26036316117069
UMBRA-09
1 98832C 24149CY  24229.89677706 -.00077083  00000+0 -76165-2 0    05
2 98832  97.7508 305.3853 0005045 144.5390 215.2800 14.92052535    10
UMBRA-10
1 98833C 24149CT  24229.89609535 -.00076749  00000+0 -75306-2 0    05
2 98833  97.7502 305.3845 0006182 149.9416 206.2190 14.92325966    10
CAKRA-1
1 98861C 24149V   24229.83006873 -.00000033  00000+0 -17114-5 0    05
2 98861  97.4431 305.4181 0005199  77.7796 279.2026 15.16596912    15
0 YAM-7
1 60504U 24149AN  26275.14292319  .00004639  00000-0  14764-3 0  9995
2 60504  97.3707 355.0093 0001726 271.6982  88.4063 15.33081912118435
0 SATELIOT_2
1 60534U 24149BU  26275.00709106  .00001032  00000-0  95428-4 0  9991
2 60534  97.6734 347.9840 0001795  97.9145 262.2280 14.96664241115943
0 LEMUR 2 MARHISYAM
1 60536U 24149BW  26274.79720213  .00005902  00000-0  33807-3 0  9992
2 60536  97.6817 358.3813 0003015 112.6767 247.4782 15.12998444116593
0 CONNECTA IOT-4
1 60524U 24149BJ  26275.26122699  .00018559  00000-0  37589-3 0  9999
2 60524  97.3731   1.1745 0004110 249.8046 110.2761 15.46457680118853
0 CUAVA-2
1 60527U 24149BM  26274.77118033  .00007812  00000-0  20892-3 0  9993
2 60527  97.3651 356.6008 0004873 267.0694  92.9994 15.38328964118547
0 TOMORROW-S1
1 60479U 24149M   26275.02697529  .00006144  00000-0  18839-3 0  9995
2 60479  97.3681 355.2204 0001929 193.3881 166.7312 15.34136843118461
0 BRO-15
1 60553U 24149CP  26274.77543931  .00000125  00000-0  16087-4 0  9993
2 60553  97.6718 348.1050 0009593  90.9645 269.2676 14.96363912115941
0 ERNST
1 60528U 24149BN  26274.76575178  .00008534  00000-0  20462-3 0  9995
2 60528  97.3746 359.4397 0004169 266.5375  93.5395 15.41641867118684
GNA-3
1 98828C 24149S   24229.82957104  .00002964  00000+0  14464-3 0    05
2 98828  97.4467 305.4173 0008238 143.0641 211.1930 15.18340742    10
0 ION SCV-012
1 60573U 24149DK  26274.78829948  .00000170  00000-0  20619-4 0  9997
2 60573  97.6683 346.5215 0004704  88.2798 271.8962 14.95112207115841
0 QUBE
1 60476U 24149J   26275.23091790  .00018411  00000-0  30326-3 0  9998
2 60476  97.3741   4.0980 0002519 173.2412 186.8875 15.52376585119049
0 BRO-14
1 60551U 24149CM  26274.72572044  .00000077  00000-0  11827-4 0  9996
2 60551  97.6787 348.5526 0007952  99.4508 260.7613 14.96360897115920
0 HYPSO-2
1 60531U 24149BR  26274.73712914  .00000959  00000-0  83542-4 0  9999
2 60531  97.6724 349.4289 0000140 308.6127  51.5084 14.99185692116019
0 QPS-SAR-8 AMATERU-IV
1 60542U 24149CC  26274.80092111  .00002234  00000-0  16181-3 0  9991
2 60542  97.6588 353.0794 0004773 105.4903 254.6850 15.05000489116309
0 SATELIOT_1
1 60550U 24149CL  26274.75143011  .00001377  00000-0  12025-3 0  9990
2 60550  97.6656 348.8486 0008120  82.6085 277.6060 14.98388071116025
0 CONNECTA IOT-2
1 60522U 24149BG  26274.71607466  .00005037  00000-0  20487-3 0  9992
2 60522  97.3758 351.2604 0005228 318.7493  41.3349 15.24965262118128
0 IPERDRONE.0
1 60520U 24149BE  26274.77459467  .00253449  26634-4  69870-3 0  9998
2 60520  97.3702  14.9195 0005494 242.7128 117.3588 15.93893200119712
0 OBJECT B
1 60013U 24110B   26275.25211381  .00004579  00000-0  19348-3 0  9996
2 60013  97.5727  12.1123 0009567 230.2219 129.8176 15.23722000128484
0 OBJECT D
1 60015U 24110D   26275.25182604  .00004527  00000-0  18260-3 0  9998
2 60015  97.5755  13.6974 0008508 229.0090 131.0412 15.25311095128572
0 ICEYE-X35
1 58302U 23174AY  26275.25586419  .00062057  00000-0  65620-3 0  9999
2 58302  97.3715   3.6016 0006587 169.6426 190.4970 15.63959743162010
0 LEMU-NGE
1 60532U 24149BS  26274.99756940  .00000779  00000-0  75846-4 0  9993
2 60532  97.6750 347.7706 0001951  64.1880 295.9542 14.95291070115910
0 UM5-EOSAT
1 60555U 24149CR  26274.77511912  .00002380  00000-0  18580-3 0  9993
2 60555  97.6648 352.3103 0010072 137.7868 222.4134 15.02053045116214
0 UM5-RIBAT
1 60554U 24149CQ  26274.44672028  .00001322  00000-0  10694-3 0  9995
2 60554  97.6353 350.6829 0003295  98.9597 261.2001 15.01463196116134
0 JASON 2
1 33105U 08032A   26275.29468634 -.00000068  00000-0 -23346-4 0  9997
2 33105  66.0388 185.6149 0007880 269.5843 227.7307 12.87697186857495
0 PLEIADES 1B
1 39019U 12068A   26275.30391730 -.00000119  00000-0 -15804-4 0  9992
2 39019  98.1858 348.8278 0001544  97.8094 262.3281 14.58570319736467
0 OBJECT E
1 59777U 24092E   26274.89045018  .00013206  00000-0  32729-3 0  9996
2 59777  97.6715  52.7107 0007129 125.6323 234.5587 15.40508964132153
0 OBJECT D
1 59776U 24092D   26274.93499120  .00013657  00000-0  33736-3 0  9996
2 59776  97.6716  52.8158 0007032 125.6787 234.5114 15.40600114132164
0 OBJECT K
1 59809U 24092K   26274.89954811  .00012844  00000-0  32161-3 0  9999
2 59809  97.6709  52.4742 0007179 125.5282 234.6634 15.40201669131641
0 OBJECT B
1 59918U 24105B   26275.27561216  .00002430  00000-0  11515-3 0  9991
2 59918  97.5796 291.2176 0010539 226.6570 133.3787 15.20251414129314
0 OBJECT A
1 59917U 24105A   26275.30635323  .00001438  00000-0  74997-4 0  9996
2 59917  97.5826 290.6655 0012293 210.7723 149.2791 15.17553145129273
0 OBJECT A
1 60468U 24149A   26274.76363364  .00005217  00000-0  15905-3 0  9991
2 60468  97.3654 354.4307 0002896 170.5459 189.5839 15.34390146118393
0 LUR-1
1 60506U 24149AQ  26274.79815690  .00003895  00000-0  13148-3 0  9998
2 60506  97.3655 352.8947 0002475 293.8149  66.2832 15.31281099118282
0 OBJECT F
1 59778U 24092F   26274.93879144  .00014026  00000-0  33705-3 0  9993
2 59778  97.6710  53.2190 0007258 125.0670 235.1258 15.41429080132197
0 SEDNA-1
1 60580U 24149DS  26274.79932951  .00003031  00000-0  20016-3 0  9994
2 60580  97.6562 354.8583 0008319 353.9487   6.1639 15.08170306116455
0 SPACEMOBILE-005
1 61046U 24163B   26275.13621094  .00003934  00000-0  19263-3 0  9994
2 61046  52.9711 177.7367 0010489  71.4700 288.7432 15.20431409114035
0 SPACEMOBILE-004
1 61049U 24163E   26272.20909654  .00006850  00000-0  32419-3 0  9991
2 61049  52.9751 190.6927 0009218  94.1598 266.0450 15.20450051113596
0 SPACEMOBILE-003
1 61045U 24163A   26273.70537771  .00000896  00000-0  55425-4 0  9997
2 61045  52.9733 184.3011 0007560  73.0217 287.1605 15.20389697113827
0 SPACEMOBILE-002
1 61048U 24163D   26273.47600124  .00009974  00000-0  46591-3 0  9996
2 61048  52.9686 185.1235 0007722  74.5560 285.6286 15.20396126113789
0 SPACEMOBILE-001
1 61047U 24163C   26275.13504834  .00001562  00000-0  85480-4 0  9997
2 61047  52.9691 177.4126 0008671  79.8615 280.3357 15.20429111114031
0 CHAMRAN-1
1 61072U 24165B   26272.81110266  .00002335  00000-0  14203-3 0  9994
2 61072  64.0755  57.9072 0061860 301.0993  58.4062 15.11762978112478
0 KINEIS-3A
1 61223U 24172D   26275.20686824  .00001028  00000-0  17028-3 0  9990
2 61223  98.0396   4.0354 0003204 105.6796 254.4765 14.72371301108528
0 PROITERES
1 38756U 12047B   26275.23509377  .00000986  00000-0  12923-3 0  9994
2 38756  98.2342 200.1429 0012115  69.7979 290.4535 14.82666641758174
0 COSMOS 2517 (GEO-IK)
1 41579U 16034A   26275.27852267 -.00000012  00000-0  27836-4 0  9995
2 41579  99.1923 282.0486 0001033  82.5407 277.5866 13.85911654522467
0 ALSAT 1B
1 41785U 16059C   26275.27986381  .00000124  00000-0  27092-4 0  9993
2 41785  97.7794 279.4458 0007898 238.3247 121.7192 14.72340640536334
0 AEROCUBE 16B
1 59291U 24053D   26275.19323516  .00009128  00000-0  18724-3 0  9997
2 59291  49.9890 139.6157 0002154  86.4967 273.6244 15.46744237137733
0 PICO-02H028
1 60570U 24149DG  26034.65741471  .13402933  26327-5  29722-2 0  9992
2 60570  97.6543 132.2173 0012872 299.5702  60.4308 16.30150024 81324
0 PICO-02G027
1 60566U 24149DC  26031.22751986  .13254879  26258-5  28791-2 0  9991
2 60566  97.6610 128.7595 0011638 302.3185  57.6981 16.30422006 80819
0 PICO-02F026
1 60567U 24149DD  26031.90446067  .08775544  25978-5  36338-2 0  9993
2 60567  97.6607 129.8962 0012448 304.2255  55.7855 16.22997613 80917
0 PICO-02A021
1 60538U 24149BY  26274.17265692  .00002960  00000-0  21825-3 0  9999
2 60538  97.6667 352.1061 0005026  29.3570 330.7938 15.04063656115660
0 PICO-02I029
1 60568U 24149DE  26032.89200757  .12298623  26260-5  29726-2 0  9998
2 60568  97.6526 130.3820 0012760 301.4854  58.5192 16.29226916 81058
0 PICO-02C023
1 60564U 24149DA  26044.42348664  .12092122  26305-5  30268-2 0  9995
2 60564  97.6578 142.1406 0012828 296.0281  63.9690 16.28841824 82818
0 ICEYE-X40
1 60549U 24149CK  26275.16342794  .00002611  00000-0  22319-3 0  9992
2 60549  97.6729 349.9273 0006608  84.2717 275.9259 14.98484717116091
0 SHIYAN 2 (SY-2)
1 28479U 04046A   26274.95088565  .00000417  00000-0  83591-4 0  9993
2 28479  98.0599 283.1177 0008193 284.7482  75.2814 14.66652039165457
0 OBJECT BF
1 60521U 24149BF  26202.54104313  .10981040  25523-5  30307-3 0  9998
2 60521  97.3689 301.9473 0013493 271.8896  88.0860 16.44354617108578
0 ALOS-4
1 60182U 24123A   26275.28894447  .00000720  00000-0  10334-3 0  9990
2 60182  97.9223  10.9222 0001451  98.8440 261.2936 14.79475242121717
0 JILIN-01 GAOFEN 2D
1 49256U 21086A   26275.29271123  .00003006  00000-0  19471-3 0  9996
2 49256  97.6599  37.9302 0031274 157.9948 202.2631 15.08522376276883
0 PREFIRE-1
1 59965U 24108A   26275.21486872  .00002888  00000-0  12028-3 0  9991
2 59965  97.5443  70.5802 0010087 220.1743 139.8749 15.24522986128898
0 PREFIRE-2
1 59881U 24099A   26275.07452878  .00002065  00000-0  94284-4 0  9992
2 59881  97.3943 129.4786 0011577 183.8444 176.2705 15.21657882130386
0 POLYTECH UNIVERSE-5
1 61745U 24199L   26275.08452372  .00095769  00000-0  60251-3 0  9994
2 61745  97.2711 156.9039 0003398 163.5622 196.5755 15.76420407154434
0 OBJECT U
1 61753U 24199U   26275.22996364  .00033045  00000-0  36532-3 0  9997
2 61753  97.2763 153.6942 0002933 211.8203 148.2878 15.62969336154235
0 OBJECT S
1 61751U 24199S   26275.27092890  .00005243  00000-0  14038-3 0  9997
2 61751  97.2804 143.9604 0007356 284.6045  75.4384 15.38435291153594
0 OBJECT BE
1 61787U 24199BE  26275.26081823  .00005288  00000-0  14291-3 0  9999
2 61787  97.2816 143.4301 0010907 283.5233  76.4797 15.38112036153541
0 SIT-2086
1 61764U 24199AF  26275.27362697  .00034957  00000-0  41577-3 0  9998
2 61764  97.2715 153.8414 0004167 195.7942 164.3187 15.61056209151099
0 OBJECT AK
1 61768U 24199AK  26275.25105712  .00015114  00000-0  23430-3 0  9995
2 61768  97.2765 151.5496 0002829 248.6078 111.4874 15.54103312150943
0 OBJECT BB
1 61784U 24199BB  26275.24960262  .00052384  00000-0  45940-3 0  9991
2 61784  97.2711 154.3491 0004299 213.7403 146.3585 15.68693835154282
0 RTU MIREA 1
1 61785U 24199BC  26275.10970420  .00099544  00000-0  61777-3 0  9999
2 61785  97.2687 155.8670 0003909 189.4150 170.7043 15.76718793151226
0 VIZARD-ION
1 61749U 24199Q   26275.27147258  .00035401  00000-0  38944-3 0  9994
2 61749  97.2762 154.1640 0003510 203.1172 156.9929 15.63082046154251
0 OBJECT AY
1 61781U 24199AY  26275.23951641  .00005152  00000-0  14410-3 0  9997
2 61781  97.2809 142.9482 0011520 286.6450  73.3529 15.37050882150363
0 OBJECT AL
1 61769U 24199AL  26275.24613750  .00027409  00000-0  32770-3 0  9998
2 61769  97.2720 153.5848 0001935 199.3477 160.7707 15.60973666151082
0 SIT-HSE
1 61763U 24199AE  26275.28760688  .00031197  00000-0  38027-3 0  9999
2 61763  97.2756 153.7727 0002100 202.6953 157.4211 15.60441720154240
0 MSU ALTAIR
1 61779U 24199AW  26275.27398663  .00006349  00000-0  16742-3 0  9996
2 61779  97.2841 143.9555 0010263 282.6275  77.3823 15.38798094153574
0 COLIBRI-S
1 61746U 24199M   26275.23869508  .00015089  00000-0  25227-3 0  9996
2 61746  97.2756 150.2812 0005270 242.7504 117.3213 15.51989902153993
0 OBJECT R
1 61750U 24199R   26275.25949189  .00034683  00000-0  37837-3 0  9998
2 61750  97.2743 153.5986 0003125 221.7041 138.3980 15.63301495154232
0 POLYTECH UNIVERSE-4
1 61747U 24199N   26275.27067461  .00012485  00000-0  23121-3 0  9997
2 61747  97.2795 149.2048 0006204 239.3792 120.6848 15.49126960153923
0 OBJECT AC
1 61761U 24199AC  26275.23033000  .00041384  00000-0  40002-3 0  9998
2 61761  97.2684 154.6944 0002936 185.9833 174.1393 15.66336489154312
0 HYPERVIEW-1G
1 61772U 24199AP  26230.11543498  .07890463  24672-5  93922-3 0  9997
2 61772  97.2456 114.2453 0006603 245.8477 114.2131 16.36574258144515
0 OBJECT V
1 61754U 24199V   26275.25880272  .00064294  00000-0  49223-3 0  9992
2 61754  97.2684 155.8949 0003131 175.7022 184.4269 15.71939439154391
0 OBJECT A
1 60235U 24128A   26275.27158142  .00000919  00000-0  85967-4 0  9993
2 60235  61.9938 218.6589 0034454 164.5350 195.6802 15.01501900122083
0 OBJECT J
1 61743U 24199J   26275.26541108  .00001080  00000-0  95174-4 0  9994
2 61743  97.3168 108.1723 0007065  67.9858 292.2116 14.98313479148027
0 OBJECT T
1 61752U 24199T   26275.27185133  .00001363  00000-0  11965-3 0  9996
2 61752  97.3171 108.0263 0007314  69.7547 290.4462 14.98094140151154
0 OBJECT D
1 61738U 24199D   26275.29633345  .00001855  00000-0  16135-3 0  9995
2 61738  97.3189 108.0005 0008244  69.2720 290.9387 14.98043368147851
0 OBJECT C
1 61737U 24199C   26275.24642792  .00000745  00000-0  67567-4 0  9998
2 61737  97.3185 107.9124 0008106  65.8797 294.3274 14.98026016147842
0 OBJECT BG
1 61789U 24199BG  26275.29106018  .00002133  00000-0  18330-3 0  9992
2 61789  97.3182 108.3026 0008029  76.6477 283.5641 14.98390470148073
0 OBJECT AA
1 61759U 24199AA  26275.23844563  .00001249  00000-0  10924-3 0  9995
2 61759  97.3187 108.1903 0007856  70.6376 289.5696 14.98364319151169
0 OBJECT Z
1 61758U 24199Z   26275.23319306  .00001763  00000-0  15230-3 0  9992
2 61758  97.3186 108.1929 0008008  70.8738 289.3351 14.98389703151169
0 OBJECT E
1 61739U 24199E   26275.27395314  .00001489  00000-0  13891-3 0  9994
2 61739  97.3209 106.0430 0013824  65.3120 294.9540 14.95520466147756
0 OBJECT G
1 61741U 24199G   26275.28189207  .00001756  00000-0  15875-3 0  9991
2 61741  97.3207 106.4825 0013797  65.4164 294.8494 14.96557447147901
0 OBJECT AX
1 61780U 24199AX  26275.26870684  .00068206  00000-0  52677-3 0  9992
2 61780  97.2684 154.9086 0003085 207.4538 152.6563 15.71717215151189
0 OBJECT H
1 61742U 24199H   26275.23299145  .00001250  00000-0  11495-3 0  9993
2 61742  97.3208 106.3861 0013854  64.8475 295.4183 14.96340578147776
0 OBJECT F
1 61740U 24199F   26275.24748868  .00000780  00000-0  73584-4 0  9998
2 61740  97.3204 106.3664 0013805  63.5394 296.7243 14.96311423147928
0 OBJECT BD
1 61786U 24199BD  26275.22897936  .00023669  00000-0  35401-3 0  9993
2 61786  97.2725 150.8916 0005060 249.1748 110.8964 15.54987523150912
0 OBJECT AT
1 61776U 24199AT  26275.11013860  .00088656  00000-0  57953-3 0  9999
2 61776  97.2641 155.5614 0002539 188.1481 171.9744 15.75566304154370
0 OBJECT AB
1 61760U 24199AB  26275.19297070  .00487139  10854-3  84133-3 0  9997
2 61760  97.2540 160.1465 0006012 143.1612 217.0082 16.02328245154664
0 OBJECT AR
1 61774U 24199AR  26274.91073982  .00086928  00000-0  58862-3 0  9995
2 61774  97.2640 155.1992 0002582 193.6527 166.4669 15.74755585151183
0 OBJECT AQ
1 61773U 24199AQ  26275.27503349  .00063638  00000-0  50450-3 0  9997
2 61773  97.2671 154.8099 0002830 203.6885 156.4249 15.71108140151184
0 OBJECT BH
1 61790U 24199BH  26275.24069100  .00001033  00000-0  91150-4 0  9999
2 61790  97.3187 108.1934 0007798  71.4108 288.7962 14.98350763148065
0 OBJECT AV
1 61778U 24199AV  26275.24425556  .00055618  00000-0  47274-3 0  9991
2 61778  97.2658 154.1940 0003015 207.3345 152.7759 15.69452115151142
0 OBJECT W
1 61755U 24199W   26275.17371115  .02614423  23930-5  96010-3 0  9990
2 61755  97.2603 161.0092 0005746 192.1045 168.0109 16.24652552154728
0 OBJECT X
1 61756U 24199X   26274.90171536  .00477329  10296-3  86087-3 0  9998
2 61756  97.2551 160.1230 0004028 145.2439 214.9105 16.01602673154645
0 OBJECT P
1 61748U 24199P   26275.23154818  .00821581  38128-3  87690-3 0  9998
2 61748  97.2491 160.5363 0005888 163.9959 196.1512 16.10209599154709
0 OBJECT BF
1 61788U 24199BF  26275.17147605  .00058425  00000-0  48616-3 0  9990
2 61788  97.2657 154.2593 0002747 207.5629 152.5489 15.69958733151128
0 OBJECT AN
1 61771U 24199AN  26275.24585775  .00055350  00000-0  46840-3 0  9995
2 61771  97.2690 154.4258 0003227 217.3336 142.7702 15.69559435151153
0 LYNK TOWER 5
1 59121U 24043Z   26274.90922237  .00003500  00000-0  11676-3 0  9998
2 59121  97.5793  54.6073 0009741 224.4700 135.5759 15.31732405143379
0 SAOCOM 1-B
1 46265U 20059A   26275.30656027 -.00000410  00000-0 -44960-4 0  9994
2 46265  97.8889  99.6207 0001423  83.2822 276.8553 14.82152349329359
0 OBJECT E
1 61231U 24173E   26275.26220344  .00000792  00000-0  40854-4 0  9998
2 61231  97.4121 345.4173 0001644  90.5697 269.5726 15.19171347112018
0 IONOSFERA-M 01
1 61735U 24199A   26275.22921770  .00000021  00000-0  29100-4 0  9998
2 61735  98.6983 147.1824 0001257 133.8862 226.2420 14.22770641142920
0 IONOSFERA-M 02
1 61736U 24199B   26275.26327011  .00000024  00000-0  30267-4 0  9990
2 61736  98.6982 147.1258 0001630  52.8651 307.2676 14.22774028146056
0 OBJECT AU
1 61777U 24199AU  26275.20670799  .00011471  00000-0  21214-3 0  9992
2 61777  97.2784 148.5346 0011638 240.0001 120.0096 15.49135448150732
0 OBJECT AS
1 61775U 24199AS  26275.27831494  .00010168  00000-0  19993-3 0  9991
2 61775  97.2783 148.1401 0011560 244.2838 115.7219 15.47400889150713
0 OBJECT K
1 61744U 24199K   26275.25755401  .00025087  00000-0  33286-3 0  9995
2 61744  97.2740 152.4397 0004536 223.5097 136.5801 15.58224994151000
0 OBJECT A
1 60745U 24153A   26275.31551560  .00064678  00000-0  81509-3 0  9992
2 60745  97.6847  64.5554 0003092  88.8380 271.3229 15.59405956116736
0 LEMUR 2 SIERRINI
1 60579U 24149DR  26275.03470966  .00006959  00000-0  39925-3 0  9994
2 60579  97.6783 358.2180 0005524 159.0668 201.0789 15.12866532116607
0 LEMUR 2 LLOYD
1 60577U 24149DP  26274.85470563  .00006153  00000-0  37273-3 0  9994
2 60577  97.6677 356.1388 0004558 135.3645 224.7952 15.10948332116490
0 OBJECT C
1 57582U 23117C   26275.30440422  .00016039  00000-0  34066-3 0  9993
2 57582  97.3987 358.0468 0005879 196.7606 163.3449 15.45085437175083
0 PROTOSAT-1
1 61793U 24201B   26054.82519766  .00032486  00000-0  11844-2 0  9999
2 61793  43.0012 257.7765 0001473 278.2072  81.8612 15.27591600 72764
0 JILIN-01 GAOFEN 2F
1 49338U 21097A   26275.25771560  .00002004  00000-0  13271-3 0  9994
2 49338  97.6834  41.3223 0017507 218.9490 141.0478 15.08390662272459
0 SUPERVIEW NEO-1 02
1 52322U 22043C   26275.30681554  .00002319  00000-0  11988-3 0  9994
2 52322  97.3303 344.6567 0001300  16.4041 343.7235 15.17231619245819
0 ICEYE-X34
1 58294U 23174AQ  26257.19312473  .17303278  25854-5  23555-3 0  9990
2 58294  97.3830 354.8037 0014160 269.9580  90.0101 16.48341572159806
0 KINEIS-3B
1 61224U 24172E   26275.18976238  .00001019  00000-0  16887-3 0  9991
2 61224  98.0390   4.0346 0003142  92.4386 267.7181 14.72369335109099
0 KINEIS-3C
1 61220U 24172A   26275.24732887  .00001048  00000-0  17340-3 0  9991
2 61220  98.0405   3.9943 0002196 136.0245 224.1138 14.72364720108822
0 KINEIS-3D
1 61221U 24172B   26275.24083821  .00001042  00000-0  17256-3 0  9999
2 61221  98.0404   3.9970 0002112 132.2056 227.9331 14.72354671109100
0 KINEIS-3E
1 61222U 24172C   26275.22251687  .00000913  00000-0  15191-3 0  9997
2 61222  98.0399   3.9573 0001635 114.6391 245.4987 14.72414127109103
0 HONGHU 2
1 58555U 23193C   26275.27606937  .00003609  00000-0  11437-3 0  9995
2 58555  97.2874 265.0071 0039399 256.2718 103.4137 15.32625485118484
0 KINEIS-5E
1 62083U 24219C   26275.28032148  .00000323  00000-0  58804-4 0  9994
2 62083  97.9126  71.2935 0005059 286.2417  73.8234 14.72302928 99521
0 KINEIS-5C
1 62081U 24219A   26275.30274975  .00000343  00000-0  61968-4 0  9998
2 62081  97.9167  71.2654 0002948 311.4515  48.6439 14.72331305 99513
0 CROCUBE
1 62394U 24247T   26275.25834850  .00035810  00000-0  49557-3 0  9990
2 62394  44.9708  12.5564 0010573 315.1559  44.8480 15.56481258 99984
0 LASARSAT
1 62391U 24247Q   26275.30170337  .00029483  00000-0  45994-3 0  9996
2 62391  44.9747  17.2493 0010755 304.7639  55.2241 15.53298597 99937
0 DJIBOUTI-1B
1 62402U 24247AB  26275.27410222  .00076230  00000-0  59878-3 0  9993
2 62402  44.9662 347.3034 0010837 351.3521   8.7190 15.70564018100283
0 CTC-0
1 62401U 24247AA  26274.62643617  .00013120  00000-0  29788-3 0  9992
2 62401  44.9715  36.5377 0005705 240.7994 119.2325 15.43058577 99644
0 LIZZIESAT-2
1 62383U 24247G   26274.69930719  .00005295  00000-0  18209-3 0  9990
2 62383  44.9916  67.3255 0001454 215.2169 144.8619 15.31229343 99290
0 GITAI-SC1
1 62388U 24247M   26274.52041010  .00002853  00000-0  13374-3 0  9999
2 62388  45.0022  96.2595 0001989 243.8481 116.2195 15.22263803 98931
0 XCUBE-1
1 62400U 24247Z   26274.46545903  .00004339  00000-0  15206-3 0  9994
2 62400  44.9953  69.7943 0001288 151.0750 209.0206 15.31008674 99242
PLEIADES-ORPHEUS
1 98724C 24248D   24356.55167141  .00080857  00000+0  38463-2 0    06
2 98724  44.9996   0.5278 0003834  18.1359 115.7653 15.18415623    15
ONDOSAT-OWL-3
1 98723C 24248B   24356.55128947  .00076199  00000+0  36280-2 0    05
2 98723  45.0051   0.5218 0002526   5.6654 126.1680 15.18390130    19
ONDOSAT-OWL-4
1 98722C 24248B   24356.55128947  .00076199  00000+0  36280-2 0    04
2 98722  45.0051   0.5218 0002526   5.6654 126.1680 15.18390130    18
ONDOSAT-OWL-6
1 98720C 24248B   24356.55128947  .00076199  00000+0  36280-2 0    02
2 98720  45.0051   0.5218 0002526   5.6654 126.1680 15.18390130    16
ONDOSAT-OWL-7
1 98719C 24248B   24356.55128947  .00076199  00000+0  36280-2 0    00
2 98719  45.0051   0.5218 0002526   5.6654 126.1680 15.18390130    14
ONDOSAT-OWL-5
1 98721C 24248B   24356.55128947  .00076199  00000+0  36280-2 0    03
2 98721  45.0051   0.5218 0002526   5.6654 126.1680 15.18390130    17
ONDOSAT-OWL-8
1 98718C 24248B   24356.55128947  .00076199  00000+0  36280-2 0    09
2 98718  45.0051   0.5218 0002526   5.6654 126.1680 15.18390130    13
ONDOSAT-OWL-9
1 98717C 24248B   24356.55128947  .00076199  00000+0  36280-2 0    08
2 98717  45.0051   0.5218 0002526   5.6654 126.1680 15.18390130    12
0 OBJECT J
1 62385U 24247J   26275.27916995  .00044112  00000-0  50831-3 0  9995
2 62385  44.9989   1.5203 0007320 318.3732  41.6606 15.61270711100138
ONDOSAT-OWL-10
1 98716C 24248B   24356.55128947  .00076199  00000+0  36280-2 0    07
2 98716  45.0051   0.5218 0002526   5.6654 126.1680 15.18390130    11
ONDOSAT-OWL-12
1 98714C 24248H   24356.55243530  .00075084  00000+0  37160-2 0    01
2 98714  45.0011   0.5205 0005283 101.7631  36.3233 15.17035563    18
0 TANSTAAFL-2
1 62378U 24247B   26274.73954130  .00004453  00000-0  15513-3 0  9992
2 62378  44.9871  68.2141 0002425 248.6585 111.4040 15.31150700 99286
0 WREN-1
1 60478U 24149L   26275.03495213  .00016289  00000-0  34078-3 0  9995
2 60478  97.3700   0.5444 0003284 217.9359 142.1659 15.45539329118805
0 KINEIS-5A
1 62084U 24219D   26275.25718995 -.00000038  00000-0  16724-5 0  9993
2 62084  97.9068  71.4969 0003671 342.1501  17.9577 14.72268924 99526
0 FLOCK 4Q 25
1 58303U 23174AZ  26175.56425065  .05358312  24493-5  15889-2 0  9997
2 58303  97.3556 271.9367 0015569 274.8178  85.1337 16.26827539147260
0 NOVASAR 1
1 43619U 18071B   26275.25292317  .00000659  00000-0  63092-4 0  9997
2 43619  97.4870 143.0863 0002189  85.4318 274.7154 14.96332638438947
0 OBJECT J
1 44887U 19093J   26275.25269638  .00001021  00000-0  10484-3 0  9990
2 44887  97.7864 358.5106 0014056  79.9244 280.3560 14.92518305367955
0 OBJECT A
1 56731U 23069A   26275.29947446  .00005761  00000-0  13201-3 0  9998
2 56731  40.9946 259.0141 0005329 328.8099  31.2409 15.43254494189598
0 HELIOS 2A
1 28492U 04049A   26275.29205403  .00000454  00000-0  38769-4 0  9999
2 28492  98.2454 335.9246 0002177   9.3221 350.8043 15.03072630169854
0 SDX02
1 62460U 24253B   26275.30292286  .00506258  12815-3  80122-3 0  9990
2 62460  54.9896 193.6425 0004732 134.8147 225.3295 16.03298486 99479
0 OBJECT G
1 62615U 25009G   26274.67733699  .00003554  00000-0  13727-3 0  9997
2 62615  97.3867 353.5056 0004870 323.9065  36.1844 15.26906604 95049
0 SCOT-1 (SCOT)
1 62617U 25009J   26274.81317643  .00108348  00000-0  82129-3 0  9991
2 62617  97.3777   7.2043 0004118 241.7742 118.3106 15.72028989 95994
0 SIGI
1 62632U 25009Z   26275.20529324  .00003127  00000-0  12598-3 0  9995
2 62632  97.3929 354.1454 0001742 312.7985  47.3106 15.25591253 95110
AE1C
1 98698C 25009AC  25014.83766502 -.00021035  00000+0 -10542-2 0    04
2 98698  97.4475  97.5422 0001817 346.3714   4.2416 15.17445628    13
0 CENTAURI-8
1 62714U 25009DK  26274.69303167  .00001954  00000-0  16894-3 0  9992
2 62714  97.6972 353.3916 0003020 135.3042 224.8424 14.98335372 93424
0 TROLL
1 62658U 25009BB  26275.00738648  .00005947  00000-0  19621-3 0  9998
2 62658  97.3822 356.3968 0001617  52.1248 308.0140 15.31805748149795
0 FIREFLY-1
1 62701U 25009CW  26275.21072984  .00000464  00000-0  50232-4 0  9997
2 62701  97.6987 351.0707 0003360  10.9093 349.2199 14.92771857 93281
0 IRIS-F2
1 62684U 25009CD  26275.01575665  .00003565  00000-0  12995-3 0  9997
2 62684  97.3813 353.8281 0004263 350.8447   9.2715 15.28824368152778
0 CONNECTA IOT-6
1 62709U 25009DE  26274.99831938  .00000180  00000-0  21891-4 0  9995
2 62709  97.6950 351.3044 0002742 118.6636 241.4861 14.94470115 93316
0 OBJECT AZ
1 62656U 25009AZ  26275.16892588  .00007824  00000-0  23022-3 0  9993
2 62656  97.3876 358.3888 0000470  23.6854 336.4411 15.35351994 95426
0 ANSER-LS
1 62644U 25009AM  26274.79084926  .00085496  00000-0  10652-2 0  9992
2 62644  97.3927   4.7818 0000442 230.2669 129.8549 15.59633283 95756
0 EDISON-1
1 62610U 25009B   26274.79644913  .00007764  00000-0  23938-3 0  9997
2 62610  97.3935 357.2957 0003603 292.8733  67.2129 15.33871044 95284
0 ION SCV-016
1 62628U 25009V   26274.62554436  .00013649  00000-0  27853-3 0  9997
2 62628  97.4202 301.2711 0573988 128.8069 236.5850 14.54844223 91005
0 FIREFLY-3
1 62710U 25009DF  26275.23431728  .00000663  00000-0  69580-4 0  9991
2 62710  97.6977 351.1129 0003667 150.7007 209.4419 14.92757777 93307
MBZ-SAT
1 98674C 25009CG  25014.85335368 -.00028416  00000+0 -14374-2 0    09
2 98674  97.4449  97.5567 0004302 350.8244  85.4133 15.17118511    13
0 CONNECTA IOT-5
1 62703U 25009CY  26274.75675395  .00001468  00000-0  14156-3 0  9991
2 62703  97.6949 351.2854 0003657  78.1319 282.0311 14.94392291 93285
0 PAUSAT-1
1 62653U 25009AW  26275.20798958  .00002200  00000-0  93129-4 0  9990
2 62653  97.3879 353.3341 0000932  22.5077 337.6201 15.24232658 95088
0 FOSSASAT2E19 (TAT-E)
1 62676U 25009BV  26274.72463527  .00001563  00000-0  72270-4 0  9997
2 62676  97.3882 351.0871 0004360 343.1978  16.9113 15.21617959 94896
0 GESAT GEN 1
1 62612U 25009D   26274.79973765  .00005442  00000-0  18935-3 0  9991
2 62612  97.3951 356.3068 0001099  95.6680 264.4686 15.30120184 95215
FGN-100-D1
1 98687C 25009AY  25014.84044280 -.00019460  00000+0 -99700-3 0    08
2 98687  97.4431  97.5453 0005248   2.3104   3.4723 15.16661346    19
0 IRIDE-MS2-HEO-1
1 62697U 25009CS  26275.21413643  .00000909  00000-0  88970-4 0  9996
2 62697  97.6961 351.5096 0002803  41.0348 319.1083 14.94702704 93322
0 CENTAURI-7
1 62708U 25009DD  26274.72913894  .00001069  00000-0  94562-4 0  9999
2 62708  97.7031 353.6551 0001045 115.2555 244.8776 14.98381439 93419
0 CONNECTA IOT-8
1 62695U 25009CQ  26274.98148998  .00000976  00000-0  98160-4 0  9991
2 62695  97.6998 350.6721 0003133  33.3638 326.7779 14.93428001 93238
HCT-SAT1
1 98704C 25009F   25014.83534905  .00068746  00000+0  35684-2 0    04
2 98704  97.4375  97.5434 0007807 358.9793 339.0183 15.16156833    10
0 FOSSASAT2E18 (TAT-A)
1 62686U 25009CF  26275.01704696  .00001426  00000-0  66442-4 0  9998
2 62686  97.3895 351.4373 0005072 337.0832  23.0177 15.21502521 94936
0 ION SCV-014
1 62630U 25009X   26274.92971215  .00000861  00000-0  63988-4 0  9993
2 62630  97.4762 344.8474 0006108 125.5771 234.6026 15.05496524 94042
0 FLOCK 4G 24
1 62637U 25009AE  26274.75688003  .00006446  00000-0  21325-3 0  9994
2 62637  97.3958 356.7330 0001570 261.4408  98.6655 15.31681680 95239
0 SKYBEE-A01
1 62671U 25009BQ  26275.23805802  .00001320  00000-0  61857-4 0  9995
2 62671  97.3908 351.9106 0004305 335.1553  24.9475 15.21430195152619
TES-22
1 98666C 25009L   25014.83574604 -.00010467  00000+0 -52001-3 0    03
2 98666  97.4423  97.5417 0001532  57.4927 282.6581 15.17748918    18
FUSION-1
1 98681C 25009BJ  25014.84271711 -.00020443  00000+0 -10190-2 0    01
2 98681  97.4418  97.5469 0001296 323.0292  55.1664 15.17636624    15
0 INNOCUBE (TUBSAT-31)
1 62616U 25009H   26274.75830780  .00004382  00000-0  16425-3 0  9994
2 62616  97.3827 353.6857 0004621 328.4851  31.6111 15.27776253 95080
0 BRO-16
1 62654U 25009AX  26275.01748122  .00002232  00000-0  93431-4 0  9999
2 62654  97.3984 354.1899 0000383 346.8015  13.3213 15.24593786 95079
0 IMPULSE-2 MIRA
1 62673U 25009BS  26274.76036940  .00004306  00000-0  18942-3 0  9996
2 62673  97.4158 347.0094 0004256 127.9964 232.1657 15.22391433152818
0 FIREFLY-2
1 62704U 25009CZ  26275.25565305  .00000332  00000-0  37558-4 0  9998
2 62704  97.6942 350.8409 0008040  84.6984 275.5152 14.92668104 93299
0 CONNECTA IOT-7
1 62715U 25009DL  26274.77564216  .00001331  00000-0  12878-3 0  9993
2 62715  97.7005 351.5465 0001736 143.0280 217.1060 14.94420083 93267
0 ELEVATION-1
1 62677U 25009BW  26274.75357031  .00019952  00000-0  39265-3 0  9990
2 62677  97.3738   1.6072 0002342 282.3769  77.7218 15.47286031153278
0 IRIS-F3
1 62619U 25009L   26274.75172750  .00003059  00000-0  11340-3 0  9994
2 62619  97.3976 354.8265 0004735 317.1916  42.8954 15.28384556 95099
AE1D
1 98699C 25009BE  25014.84167544 -.00009434  00000+0 -48873-3 0    05
2 98699  97.4431  97.5464 0006959   6.4598   6.0504 15.16257108    19
0 RAY 1.0
1 62627U 25009U   26274.79451518  .00001750  00000-0  81389-4 0  9996
2 62627  97.3907 351.1843 0007028 261.0136  99.0304 15.21261618 94888
0 LIME
1 62648U 25009AR  26274.76494867  .00006739  00000-0  21541-3 0  9995
2 62648  97.3888 356.8123 0001337  26.0592 334.0717 15.32773674 95281
0 BALKAN-1
1 62611U 25009C   26274.98882568  .00004206  00000-0  16534-3 0  9991
2 62611  97.3841 352.9324 0005443 329.9008  30.1917 15.26206386 95043
WINNEBAGO-2
1 98664C 25009BW  25014.84558632 -.00017803  00000+0 -90784-3 0    06
2 98664  97.4430  97.5496 0004319   4.1608  29.6918 15.16831206    17
0 ICEYE-X33
1 60548U 24149CJ  26275.03196754  .00002441  00000-0  19470-3 0  9995
2 60548  97.7514 353.7755 0001478  68.2403 291.8979 15.01250097116234
0 SATGUS
1 62713U 25009DJ  26275.00085983  .00003008  00000-0  23184-3 0  9992
2 62713  97.6851 355.3972 0004719 108.3367 251.8371 15.02374258 93590
0 ORBASTRO-PC-1
1 58258U 23174C   26275.28081205  .00019305  00000-0  30297-3 0  9995
2 58258  97.3728   4.0006 0006915 126.4585 233.7306 15.53691180162077
0 LEMUR 2 ROCINANTE
1 59147U 24043BB  26024.87567953  .04062886  24694-5  25479-2 0  9996
2 59147  97.4905 173.6716 0011273 298.4507  61.5644 16.17664757106061
0 CENTISPACE-1 S12
1 62581U 25007G   26275.25431919 -.00000093  00000-0  44655-4 0  9993
2 62581  54.9760 276.9187 0014727 344.8412  15.2101 13.80623210 89522
0 CENTISPACE-1 S7
1 62576U 25007B   26275.24723111 -.00000083  00000-0  54115-4 0  9995
2 62576  54.9756 277.5515 0010642 278.3573  81.6176 13.80625064 89500
POQUITO
1 98706U 25009BY  25021.90669764  .00000000  00000-0 -14212-2 0    09
2 98706  97.4429 104.2661 0003354 352.9277  63.3351 15.17186318    09
PROMETHEUS-1
1 98705U 25009BY  25021.90669764  .00000000  00000-0 -14212-2 0    08
2 98705  97.4429 104.2661 0003354 352.9277  63.3351 15.17186318    08
Sedna-2
1 98661U 25009BY  25021.90669764  .00000000  00000-0 -14212-2 0    09
2 98661  97.4429 104.2661 0003354 352.9277  63.3351 15.17186318    09
SKYLINK-1
1 98657U 25009BY  25021.90669764  .00000000  00000-0 -14212-2 0    04
2 98657  97.4429 104.2661 0003354 352.9277  63.3351 15.17186318    04
SKYLINK-2
1 98656U 25000XX  25023.57810304  .00004178  00000-0 -29254-4 0  9998
2 98656  97.4594 106.1273 0002517 218.8660 320.9107 15.16419471 59106
0 CENTISPACE-1 S9
1 62578U 25007D   26275.26177906 -.00000088  00000-0  49697-4 0  9998
2 62578  54.9816 277.8592 0009597 290.0753  69.9170 13.80624164 89508
0 CENTISPACE-1 S10
1 62579U 25007E   26275.21085715 -.00000075  00000-0  62394-4 0  9995
2 62579  54.9880 277.2726 0009796 311.5231  48.4884 13.80626159 89515
0 CENTISPACE-1 S13
1 62582U 25007H   26275.23970527 -.00000090  00000-0  48169-4 0  9996
2 62582  54.9799 277.1152 0009432 301.3745  58.6288 13.80627733 89514
0 CENTISPACE-1 S16
1 62585U 25007L   26275.20033635 -.00000064  00000-0  72234-4 0  9997
2 62585  54.9873 277.1512 0010823 303.3058  56.6862 13.80535841 89496
Unknown 99695
1 99695U 22795A   24210.87969498 0.00002750  00000-0  31027-3 0    05
2 99695  98.3105  77.0130 0010041  92.1123 267.8876 14.86599274    07
0 CENTISPACE-1 S1
1 43636U 18075A   26275.29326393  .00000231  00000-0  57169-4 0  9990
2 43636  97.8694 293.6894 0009489 137.3085 222.8855 14.60080056426188
0 HAIYANG 4A
1 61936U 24208A   26275.29582778  .00000206  00000-0  39555-4 0  9990
2 61936  98.0072 281.6041 0001542 115.2221 244.9147 14.73298046101211
0 SDX01
1 62459U 24253A   26275.29604389  .00515045  13311-3  79894-3 0  9997
2 62459  54.9894 193.5885 0004594 135.0431 225.0998 16.03633791 99489
0 OTTER
1 62623U 25009Q   26275.21417080  .00005388  00000-0  17906-3 0  9990
2 62623  97.3960 357.0650 0003044 295.8293  64.2635 15.31617240 95291
0 BLUEBON
1 62688U 25009CH  26275.01172183  .00005445  00000-0  17788-3 0  9993
2 62688  97.3922 357.8573 0000891  34.9069 325.2231 15.32161879 95321
0 FOSSASAT2E20 (TAT-O)
1 63003U 25009DN  26274.76043989  .00008308  00000-0  27041-3 0  9991
2 63003  97.3070 349.1161 0001668 336.7470  23.3696 15.32111510152812
0 BRO-16
1 62654U 25009AX  26275.01748122  .00002232  00000-0  93431-4 0  9999
2 62654  97.3984 354.1899 0000383 346.8015  13.3213 15.24593786 95079
0 TOMORROW-S3
1 62392U 24247R   26274.48354600  .00004680  00000-0  16676-3 0  9999
2 62392  45.0011  70.9536 0003918 240.1316 119.9179 15.30303355 99231
0 ICEYE-X47
1 62389U 24247N   26274.99386013  .00001659  00000-0  10387-3 0  9990
2 62389  44.9954 146.2221 0001598 177.0294 183.0593 15.13990447 98364
0 TOMORROW-S4
1 62386U 24247K   26274.51225994  .00005292  00000-0  18688-3 0  9994
2 62386  44.9805  70.5413 0005485 279.6561  80.3704 15.30354169 99237
0 ICEYE-X49
1 62384U 24247H   26275.03131244  .00003154  00000-0  18716-3 0  9991
2 62384  44.9965 146.6084 0001172 266.5884  93.4859 15.13533467 98363
0 HAWK-11A
1 62382U 24247F   26274.46191042  .00003080  00000-0  10911-3 0  9994
2 62382  44.9934  65.2199 0001734 148.0913 212.0077 15.31540976 99298
0 HAWK-11C
1 62381U 24247E   26274.46184085  .00003487  00000-0  12224-3 0  9992
2 62381  45.0038  65.9704 0002346 134.7350 225.3726 15.31540747 99294
0 HAWK-11B
1 62379U 24247C   26274.46229727  .00003556  00000-0  12443-3 0  9992
2 62379  45.0150  66.7228 0001981 168.3392 191.7539 15.31542717 99296
0 GLOBAL-31
1 63027U 25033B   26274.94429764  .00007867  00000-0  21446-3 0  9995
2 63027  58.9972 244.6977 0013684 117.5245 242.7223 15.38324126 90754
0 ICEYE-X43
1 60539U 24149BZ  26275.03812706  .00002070  00000-0  17079-3 0  9998
2 60539  97.6748 350.5125 0010528  48.8611 311.3520 15.00058588116138
0 ICEYE-X7
1 46496U 20068L   26275.28714959  .00006687  00000-0  20932-3 0  9998
2 46496  97.7628 246.9147 0005815 321.6600  38.4228 15.33462153331197
0 SJ-20
1 44910U 19097A   26272.55148483  .00000154  00000-0  00000+0 0  9990
2 44910   5.1799  73.7154 0003308 168.5682   4.8149  1.00269312 24745
0 KORSAT-2
1 62377U 24247A   26275.24226133  .00001744  00000-0  16137-3 0  9996
2 62377  45.4097 232.8224 0000444   1.7837 358.3042 14.98737924 97620
0 EZIE-A
1 63247U 25052AP  26274.94419801  .00001293  00000-0  11449-3 0  9990
2 63247  97.6743 165.3653 0002082 171.6823 188.4434 14.97975470 84646
0 EZIE-B
1 63250U 25052AS  26274.94064575  .00001526  00000-0  13445-3 0  9995
2 63250  97.6749 165.4173 0002928 168.3824 191.7467 14.97916498 84645
0 EZIE-C
1 63249U 25052AR  26274.94238139  .00001526  00000-0  13430-3 0  9996
2 63249  97.6716 165.2191 0001843 192.2527 167.8651 14.97946662 84641
0 SOAP
1 63263U 25052BF  26275.23795150  .00001607  00000-0  14387-3 0  9998
2 63263  97.6696 165.6444 0002097  24.2004 335.9316 14.97224247 84706
0 DROID.002
1 63223U 25052P   26274.94994096  .00003352  00000-0  14265-3 0  9995
2 63223  97.3769 166.0925 0005597 109.3985 250.7857 15.23678268 86128
FIRESAT0
1 98629C 25052AV  25074.37845660 -.00064114  00000+0 -63976-2 0    08
2 98629  97.7513 329.5442 0001490 243.0693  67.3673 14.91664457    18
0 ARVAKER-1
1 63252U 25052AU  26274.92303702  .00001458  00000-0  13885-3 0  9995
2 63252  97.6712 163.8625 0001558 181.7289 178.3927 14.94899409 84554
0 IOD1_STARTICAL
1 63212U 25052C   26274.69543176  .00192159  00000-0  12049-2 0  9995
2 63212  97.3618 180.8260 0008870 105.5336 254.6909 15.76181507 87114
0 AEROCUBE 18B
1 63222U 25052N   26274.69238488  .00003198  00000-0  12953-3 0  9992
2 63222  97.3806 166.7572 0006129 106.7481 253.4430 15.25381029 86123
0 AEROCUBE 18A
1 63220U 25052L   26275.24527896  .00003268  00000-0  13187-3 0  9994
2 63220  97.3797 167.3266 0005813 101.7157 258.4733 15.25485720 86215
0 CLARITY-1
1 63227U 25052T   26161.15767168  .09211707  26169-5  12257-3 0  9997
2 63227  97.3825  82.7091 0009598 247.2263 112.8028 16.48960409 70590
0 BUCCANEER MM
1 63245U 25052AM  26275.26249579  .00001233  00000-0  11757-3 0  9993
2 63245  97.6701 164.0221 0003010 194.3981 165.7155 14.95130354 84598
0 OTP-2
1 63235U 25052AB  26274.68216427  .00003942  00000-0  15971-3 0  9994
2 63235  97.3703 165.5247 0007317 135.0527 225.1305 15.25219609 86092
0 M-SEL
1 63231U 25052X   26274.69529452  .00004839  00000-0  18211-3 0  9992
2 63231  97.3754 167.0803 0006182 120.9804 239.2043 15.27577207 86176
0 OBJECT Y
1 63232U 25052Y   26274.92563736  .00003703  00000-0  15108-3 0  9993
2 63232  97.3781 166.4398 0007129 122.8564 237.3361 15.25021759 86137
0 ION SCV-017
1 63230U 25052W   26274.70260429  .00002608  00000-0  96011-4 0  9996
2 63230  97.3750 168.9268 0022654  36.6319 323.6464 15.28521804 86305
0 ALMUNTHER
1 63240U 25052AG  26274.66952823  .00010163  00000-0  30158-3 0  9992
2 63240  97.3717 169.3341 0007820 119.2013 241.0013 15.34973607 86338
0 OBJECT BC
1 63260U 25052BC  26274.65305252  .00001031  00000-0  99625-4 0  9990
2 63260  97.6681 163.7589 0001870  33.7510 326.3829 14.94926946 84537
0 OBJECT AD
1 63237U 25052AD  26275.11034873  .00011255  00000-0  33469-3 0  9996
2 63237  97.3773 170.3671 0007749 112.2052 248.0014 15.34880614 86412
0 OBJECT AE
1 63238U 25052AE  26274.65291887  .00009876  00000-0  29765-3 0  9995
2 63238  97.3777 169.7739 0007671 115.1519 245.0520 15.34492618 86331
0 OBJECT AF
1 63239U 25052AF  26274.66203025  .00010110  00000-0  30471-3 0  9993
2 63239  97.3771 169.7572 0007861 112.5761 247.6315 15.34483177 86332
0 OBJECT F
1 63215U 25052F   26275.17568576  .00011396  00000-0  30874-3 0  9993
2 63215  97.3737 171.8211 0004627  89.1791 270.9984 15.37811156 86539
0 OBJECT E
1 63214U 25052E   26274.70554905  .00011666  00000-0  31581-3 0  9997
2 63214  97.3737 171.3638 0004679  89.0030 271.1751 15.37829518 86466
0 OBJECT D
1 63213U 25052D   26275.19150727  .00011894  00000-0  31938-3 0  9993
2 63213  97.3736 171.9393 0004809  87.1119 273.0676 15.38076283 86540
0 OBJECT J
1 63218U 25052J   26274.65038934  .00010664  00000-0  29471-3 0  9996
2 63218  97.3717 170.8189 0004563  97.5007 262.6756 15.37211644 86435
0 OBJECT K
1 63219U 25052K   26274.65993421  .00011342  00000-0  31392-3 0  9997
2 63219  97.3713 170.7943 0004878  98.2962 261.8836 15.37146907 86435
0 OBJECT H
1 63217U 25052H   26274.66048575  .00011326  00000-0  31366-3 0  9990
2 63217  97.3716 170.7901 0004870  98.9782 261.2014 15.37130111 86431
0 OBJECT B
1 63211U 25052B   26274.69941777  .00013803  00000-0  34915-3 0  9998
2 63211  97.3820 172.7425 0004998  78.0638 282.1168 15.39875950 86514
0 ORBASTRO-TR5
1 63236U 25052AC  26274.64075937  .00002562  00000-0  11249-3 0  9991
2 63236  97.3666 164.3345 0005140 125.2970 234.8748 15.22827281 86010
0 JINJUSAT-1B
1 63210U 25052A   26274.46545530  .00009524  00000-0  26931-3 0  9993
2 63210  97.3842 171.5094 0005155  75.0085 285.1729 15.36528225 86406
0 UVSQ-SAT NG
1 63251U 25052AT  26274.70528232  .00001767  00000-0  16347-3 0  9996
2 63251  97.6689 164.0201 0001820 198.6429 161.4726 14.95787063 84557
0 BOTSAT-1
1 63216U 25052G   26274.71066714  .00004580  00000-0  16690-3 0  9997
2 63216  97.3727 167.5356 0004226  97.8515 262.3205 15.28679362 86224
0 OBJECT B
1 62726U 25012B   26275.19250309  .00002456  00000-0  11054-3 0  9995
2 62726  97.4131 346.7540 0007289 258.9263 101.1153 15.22017689 94523
0 HERMES-1
1 63242U 25052AJ  26274.66399170  .00002701  00000-0  11988-3 0  9993
2 63242  97.3729 164.3258 0007567 157.1100 203.0475 15.22392549 85999
0 HERMES-2
1 63243U 25052AK  26274.93702643  .00004382  00000-0  14459-3 0  9990
2 63243  97.3730 169.3512 0006256  93.6425 266.5533 15.31934260 86350
0 OBJECT G
1 62615U 25009G   26274.67733699  .00003554  00000-0  13727-3 0  9997
2 62615  97.3867 353.5056 0004870 323.9065  36.1844 15.26906604 95049
0 GARAI-A
1 62635U 25009AC  26275.23598463  .00002810  00000-0  13881-3 0  9995
2 62635  97.3866 352.6369 0001221 359.7390   0.3844 15.18666150 95023
0 ICEYE-X45
1 62705U 25009DA  26274.80315151  .00005166  00000-0  41143-3 0  9995
2 62705  97.8600   2.5002 0001021  86.5551 273.5789 15.00818573 93679
0 KINEIS-4E
1 63300U 25056A   26275.28797080  .00000820  00000-0  13720-3 0  9999
2 63300  97.9161  36.2872 0002241 143.3640 216.7721 14.72344001 82883
0 KINEIS-4C
1 63301U 25056B   26275.30099351  .00000818  00000-0  13708-3 0  9992
2 63301  97.9215  36.5994 0003176   2.2694 357.8527 14.72312641 82899
0 KINEIS-4D
1 63302U 25056C   26275.30467223  .00000830  00000-0  13877-3 0  9991
2 63302  97.9135  36.4983 0002507  25.2266 334.9063 14.72389372 82891
0 KINEIS-4A
1 63303U 25056D   26275.33948736  .00000807  00000-0  13529-3 0  9996
2 63303  97.9230  36.5760 0000718 353.8567   6.2632 14.72321157 82896
0 KINEIS-4B
1 63304U 25056E   26275.32213363  .00000799  00000-0  13399-3 0  9992
2 63304  97.9242  36.6280 0004537 324.6622  35.4284 14.72320233 82889
0 HERMES-6
1 63489U 25052BK  26274.92899153  .00003050  00000-0  12858-3 0  9996
2 63489  97.3837 165.8609 0007040 141.0137 219.1609 15.24062347 86086
0 HERMES-5
1 63834U 25052BQ  26274.95304176  .00004069  00000-0  14159-3 0  9996
2 63834  97.3813 168.7441 0005504 116.0690 244.1118 15.30261321 86273
0 HERMES 4
1 63833U 25052BP  26274.66900020  .00005894  00000-0  19139-3 0  9993
2 63833  97.3721 168.0126 0003161 144.8505 215.2946 15.32316666 86244
0 HERMES-3
1 63835U 25052BR  26275.13880423  .00011269  00000-0  30948-3 0  9996
2 63835  97.3695 170.8126 0007956 102.2007 258.0129 15.37373062 86479
0 OBJECT H
1 63298U 25055H   26275.27613140  .00042464  00000-0  80115-3 0  9999
2 63298  97.6662  67.3171 0004197 121.6135 238.5525 15.48349286 85969
0 YUNHAI 1-02
1 44547U 19063A   26275.26755122  .00000189  00000-0  85062-4 0  9998
2 44547  98.4146 282.6116 0005756 192.1808 167.9239 14.32606500367208
0 LIZZIESAT-3 (LS-3)
1 63233U 25052Z   26275.24555983  .00002687  00000-0  11863-3 0  9999
2 63233  97.3744 165.1628 0006975 132.8825 227.2998 15.22583101 86098
CSO 2
1 47305U 20104A   26228.07801686 0.00000000  00000-0  00000-0 0    05
2 47305  97.3522 167.8652 0002125  70.0965 289.9033 15.26904832    05
0 LYRA-1
1 62664U 25009BH  26275.00146002  .00005614  00000-0  26020-3 0  9994
2 62664  97.3882 347.4139 0008911 170.9427 189.1971 15.20443347 94645
0 LEMUR 2 STAR-FOX
1 62696U 25009CR  26274.73665066  .00003737  00000-0  27694-3 0  9996
2 62696  97.6863 355.6120 0003429 101.6046 258.5565 15.03720437 93569
0 KINEIS-2E
1 62931U 25028D   26275.11817170  .00000589  00000-0  90240-4 0  9997
2 62931  97.8843 324.4297 0001518 119.2636 240.8727 14.77237192 88566
0 TIGER-7
1 59141U 24043AV  26274.92245234  .00008687  00000-0  15135-3 0  9992
2 59141  97.5610  70.9698 0006943 126.3618 233.8275 15.50983850144506
0 BIOMASS
1 63772U 25090A   26275.01699967  .00000643  00000-0  12193-3 0  9992
2 63772  98.0756 100.8030 0001397  84.0081 276.1283 14.67534082 76355
0 ASTEX 1
1 05560U 71089A   26275.24852477  .00000303  00000-0  76959-4 0  9998
2 05560  92.7134 218.3920 0017761 104.2080 256.1101 14.50920374892253
IGS Radar 7
1 55329U 23012A   26238.88242450 0.00000000  00000-0  00000-0 0    09
2 55329  97.3646 316.2833 0002042  18.7175 341.2823 15.25980876    08
0 KINEIS-2C
1 62929U 25028B   26275.13871951  .00000669  00000-0  11060-3 0  9994
2 62929  98.1130 329.6047 0002411 293.0762  67.0191 14.73595108 88362
0 ICEYE-X41
1 62700U 25009CV  26275.01438748  .00001528  00000-0  13681-3 0  9996
2 62700  97.6991 352.9826 0002062  55.7098 304.4319 14.97281182 93398
0 ICEYE-X2
1 43800U 18099AU  26275.30221229  .00004483  00000-0  21731-3 0  9991
2 43800  97.4231 327.2709 0008457 291.7821  68.2513 15.18998396429073
0 OBJECT B
1 64049U 25103B   26275.27033684  .00001621  00000-0  77586-4 0  9996
2 64049  97.3696 344.7782 0002733 137.9215 222.2230 15.20360500 76337
0 OBJECT C
1 64050U 25103C   26275.26951520  .00003762  00000-0  17583-3 0  9993
2 64050  97.3644 344.4792 0003456 128.9144 231.2400 15.20382708 76337
0 HONGYAN 1
1 43914U 18112F   26275.25375594 -.00000081  00000-0  82641-4 0  9991
2 43914  50.0068 203.2040 0006542 223.4702 136.5662 13.43825140380933
0 KINEIS-5B
1 62085U 24219E   26275.32113513  .00000595  00000-0  88596-4 0  9999
2 62085  98.0184  78.6274 0000673 309.7805  50.3346 14.78513671 99838
0 KINEIS-2A
1 62932U 25028E   26275.11574116  .00000642  00000-0  10645-3 0  9998
2 62932  98.1188 330.6450 0004799 170.4178 189.7123 14.73595320 88351
0 KINEIS-2B
1 62934U 25028G   26275.09324996  .00000618  00000-0  10255-3 0  9996
2 62934  97.9556 325.9689 0004143 151.2420 208.9017 14.73597617 88403
0 ICEYE-X42
1 62698U 25009CT  26274.78689850  .00000952  00000-0  99745-4 0  9993
2 62698  97.7410 351.1662 0001525 105.4681 254.6706 14.91865766 93187
0 YAM-8
1 63254U 25052AW  26275.15064357  .00002503  00000-0  16280-3 0  9997
2 63254  97.6817 177.0791 0002813 121.6087 238.5416 15.08918459 85418
0 LYNK TOWER 6
1 59123U 24043AB  26274.89425440  .00002957  00000-0  97970-4 0  9999
2 59123  97.5754  54.1060 0008983 219.2341 140.8250 15.32096469143367
0 MBZ-SAT
1 62626U 25009T   26274.76826034  .00000853  00000-0  45468-4 0  9992
2 62626  97.3890 350.5808 0003892 336.0222  24.0831 15.17780660 94854
0 GCOM W1
1 38337U 12025A   26274.81226019  .00000252  00000-0  65979-4 0  9993
2 38337  98.2095 213.7787 0001653  78.9773 335.2465 14.57110735764560
0 GOSAT (IBUKI)
1 33492U 09002A   26274.91173311  .00000305  00000-0  62275-4 0  9993
2 33492  98.0972  24.6992 0001568  88.5716 271.5668 14.67533121947115
0 DUBAISAT 1
1 35682U 09041B   26274.91878716  .00000477  00000-0  77958-4 0  9994
2 35682  98.0205  47.1098 0011688  88.9206 271.3342 14.75271796920839
0 ZHANGHENG 1-02
1 64393U 25128A   26275.28781858  .00000117  00000-0  83275-5 0  9991
2 64393  97.3728  39.6867 0007101  86.2841 273.9206 15.21107094 72211
0 IRIDE-MS2-HEO-9
1 64585U 25135BK  26275.26736993  .00001101  00000-0  11419-3 0  9993
2 64585  97.7853  28.4259 0001719  62.9647 297.1747 14.91984988 69868
TIME FLIES
1 98572C 25135AS  25174.98816526 -.00072855  00000+0 -73653-2 0    08
2 98572  97.7468 289.3924 0002863  69.1167 224.8320 14.91142843    19
0 SATORO-T3
1 64589U 25135BP  26275.28505874  .00002064  00000-0  19501-3 0  9990
2 64589  97.7805  28.8007 0004425 351.4444   8.6700 14.94799061 69900
0 SKYBEE-A02
1 64544U 25135S   26275.28500059  .00001612  00000-0  76813-4 0  9999
2 64544  97.4826  29.2117 0003065 116.0811 244.0740 15.20564608 71102
0 BRO-18
1 64550U 25135Y   26275.26070667  .00002411  00000-0  10659-3 0  9994
2 64550  97.4719  29.5607 0001166 136.3842 223.7487 15.22665430 71161
0 PADRE
1 64559U 25135AH  26274.86805233  .00001106  00000-0  11252-3 0  9993
2 64559  97.7810  27.2248 0000446 259.5587 100.5582 14.92767724 69761
0 IRIDE-MS2-HEO-8
1 64587U 25135BM  26275.31224193  .00000849  00000-0  89273-4 0  9997
2 64587  97.7830  28.3995 0001735  62.5220 297.6175 14.91987461 69872
0 IRIDE-MS2-HEO-6
1 64576U 25135BA  26275.27789043  .00001004  00000-0  10460-3 0  9995
2 64576  97.7817  28.0610 0001504  58.2564 301.8801 14.91979709 69851
0 IRIDE-MS2-HEO-5
1 64571U 25135AV  26275.30068775  .00000718  00000-0  76365-4 0  9994
2 64571  97.7819  28.0600 0001503  57.9031 302.2334 14.91995862 69855
0 IRIDE-MS2-HEO-4
1 64582U 25135BG  26275.28954663  .00000817  00000-0  86151-4 0  9997
2 64582  97.7818  28.2175 0001466  52.8333 307.3019 14.91991971 69866
0 IRIDE-MS2-HEO-3
1 64568U 25135AS  26275.25662593  .00001062  00000-0  11037-3 0  9999
2 64568  97.7824  27.9921 0001134  84.0657 276.0691 14.91976945 69840
0 IRIDE-MS2-HEO-2
1 64569U 25135AT  26275.30192867  .00000695  00000-0  70589-4 0  9997
2 64569  97.7846  28.5174 0002086  40.3248 319.8126 14.93974927 69872
0 YAM-10
1 64580U 25135BE  26275.11722559  .00001038  00000-0  10780-3 0  9994
2 64580  97.7819  27.5550 0003316  24.1580 335.9794 14.92064921 69804
0 OBJECT BQ
1 64590U 25135BQ  26275.13643215  .00001238  00000-0  12042-3 0  9993
2 64590  97.7812  28.5300 0004885 352.4605   7.6540 14.94350947 69876
0 LEMUR 2 HUBBLE-5
1 64840U 25135BT  26274.89736295  .00000466  00000-0  48619-4 0  9996
2 64840  97.7806  28.3881 0005226 358.3433   1.7768 14.94397514 69848
0 LEMUR 2 HUBBLE-4
1 64565U 25135AP  26274.85337799  .00000986  00000-0  98726-4 0  9993
2 64565  97.7783  27.5811 0001215 320.0440  40.0691 14.93649041 69797
0 USPWSA-DRAGOON
1 64542U 25135Q   26274.87992892  .00005588  00000-0  20989-3 0  9999
2 64542  97.4796  31.1513 0003617 140.7943 219.3558 15.27595547 71207
0 FORGESTAR-1
1 64546U 25135U   26274.99359024  .00006657  00000-0  26291-3 0  9990
2 64546  97.4780  30.5685 0001831 116.2544 243.8883 15.25849605 71183
0 ION SCV-018
1 64575U 25135AZ  26274.92852417  .00000759  00000-0  75084-4 0  9991
2 64575  97.7874  29.1230 0011231 300.1977  59.8131 14.94802230 69873
0 ION SCV-020
1 64545U 25135T   26274.91364122  .00001615  00000-0  78709-4 0  9997
2 64545  97.4702  28.6396 0008827 132.9145 227.2832 15.19752130 71052
0 ARCSTONE
1 64540U 25135N   26274.86650371  .00012303  00000-0  35105-3 0  9998
2 64540  97.4710  33.6047 0003122 154.3258 205.8142 15.36185423 71398
0 FOSSASAT2E21
1 64536U 25135J   26275.17313183  .00001581  00000-0  75649-4 0  9999
2 64536  97.4732  28.4459 0004668 153.8226 206.3246 15.20438650 71073
0 OTTER PUP 2
1 64537U 25135K   26261.58387165  .00000290  00000-0  15112-4 0  9996
2 64537  97.4797  16.7241 0002841 177.8084 182.3166 15.23560166 69097
0 SATMAR
1 64551U 25135Z   26275.09159509  .00004865  00000-0  19039-3 0  9995
2 64551  97.4713  30.6409 0000792 145.7756 214.3533 15.26296954 71221
0 TPA-1
1 64533U 25135F   26274.84390873  .00002105  00000-0  94016-4 0  9992
2 64533  97.4780  29.0819 0005629 159.7979 200.3481 15.22456429 71079
0 HYPERFIELD-1B
1 64552U 25135AA  26275.30841172  .00002503  00000-0  10928-3 0  9999
2 64552  97.4770  30.0305 0000588  74.4501 285.6801 15.23061773 71183
0 UND ROADS 2
1 64549U 25135X   26275.11240328  .00004162  00000-0  16989-3 0  9996
2 64549  97.4883  31.1428 0002743  91.2630 268.8921 15.24969839 71207
0 UND ROADS 1
1 64535U 25135H   26275.09923965  .00003729  00000-0  15920-3 0  9995
2 64535  97.4766  29.5896 0005004 148.8910 211.2624 15.23512199 71131
0 OBJECT AC
1 64554U 25135AC  26275.11401313  .00014881  00000-0  44747-3 0  9997
2 64554  97.4730  33.2159 0000856 288.0346  72.0803 15.34492183 71388
0 DUTHSAT-2
1 64530U 25135C   26275.12915438  .00009988  00000-0  35419-3 0  9998
2 64530  97.4709  31.2345 0005129 159.3972 200.7476 15.29268862 71268
0 HUBBLE 6
1 64562U 25135AL  26274.90343473  .00000583  00000-0  60443-4 0  9990
2 64562  97.7837  27.9738 0001688  97.8318 262.3093 14.93723625 69801
0 HUBBLE 7
1 64592U 25135BS  26274.87004126  .00001201  00000-0  11911-3 0  9991
2 64592  97.7843  28.4670 0002841  20.4453 339.6880 14.93638511 69830
0 CONNECTA IOT-9
1 64534U 25135G   26275.27031558  .00004420  00000-0  20328-3 0  9999
2 64534  97.4848  29.2790 0005880 146.9091 213.2513 15.20857177 71091
0 CONNECTA IOT-10
1 64555U 25135AD  26274.88501390  .00004201  00000-0  19110-3 0  9998
2 64555  97.4775  29.0078 0000606  57.1925 302.9369 15.21268856 71074
0 CONNECTA IOT-11
1 64557U 25135AF  26274.89259930  .00002746  00000-0  12562-3 0  9997
2 64557  97.4815  29.3513 0001309  33.0746 327.0571 15.21384752 71081
0 CONNECTA IOT-12
1 64553U 25135AB  26274.86643298  .00004700  00000-0  21340-3 0  9990
2 64553  97.4835  29.5558 0001948  62.3110 297.8323 15.21270568 71087
0 OBJECT D
1 64531U 25135D   26275.25584820  .00006934  00000-0  25510-3 0  9999
2 64531  97.4809  31.6415 0005000 139.1112 221.0503 15.28184630 71268
0 OBJECT AJ
1 64560U 25135AJ  26275.02299565  .00002143  00000-0  19438-3 0  9995
2 64560  97.7829  28.9688 0000721  88.1082 272.0221 14.96379701 69887
0 DUTHSAT-2
1 64530U 25135C   26275.12915438  .00009988  00000-0  35419-3 0  9998
2 64530  97.4709  31.2345 0005129 159.3972 200.7476 15.29268862 71268
0 MSAT M1
1 23846U 96022A   26275.31304269 -.00000042  00000-0  00000-0 0  9999
2 23846  12.6012  27.5574 0024771 201.5771 167.8650  0.98644588111144
0 SYRACUSE 3B
1 29273U 06033B   26275.25352851 -.00000006  00000-0  00000-0 0  9995
2 29273   3.1806  78.7997 0000728 176.2006  66.8357  0.98625879 73716
0 WILDFIRE 9
1 57765U 23133J   26275.30661232  .00000042  00000-0  26948-4 0  9996
2 57765  81.0000 265.1601 0007202  86.5340 273.6641 13.85451675155857
0 WILDFIRE 10
1 57766U 23133K   26274.91521330  .00000041  00000-0  26182-4 0  9996
2 57766  80.9988 265.0083 0007649  78.1040 282.0973 13.85667050155828
0 WILDFIRE 1
1 57764U 23133H   26275.25482423  .00000083  00000-0  63091-4 0  9997
2 57764  80.9959 264.1239 0007586  74.8912 285.3083 13.85747063155885
0 EUCROPIS
1 43807U 18099BB  26274.69068275  .00004168  00000-0  18626-3 0  9998
2 43807  97.4100 328.8803 0003662 286.6955  73.3879 15.21877668428658
0 COSMOS 2588
1 64095U 25109A   26274.72217799  .00003641  00000-0  13322-3 0  9994
2 64095  72.9720 327.5978 0007937 194.7223 165.3743 15.28600724 75891
0 GOES 19
1 60133U 24119A   26275.23797940 -.00000254  00000-0  00000-0 0  9995
2 60133   0.0437  23.3509 0000902 242.8652 115.2518  1.00270738  8033
0 TIANQI 26
1 59910U 24102B   26275.25566884  .00000011  00000-0  95572-4 0  9993
2 59910  44.9724 145.0671 0010678  29.1623 330.9804 13.99182321119901
0 TIANQI 25
1 59909U 24102A   26275.20261134 -.00000001  00000-0  87649-4 0  9992
2 59909  44.9761 145.7382 0011751  24.4256 335.7132 13.99198010119896
0 LANDSAT 8
1 39084U 13008A   26275.28710925  .00000139  00000-0  40993-4 0  9994
2 39084  98.2198 344.0908 0001305  94.5708 265.5640 14.57107076713493
0 LANDSAT 9
1 49260U 21088A   26275.18416137  .00000145  00000-0  42350-4 0  9991
2 49260  98.2178 344.0075 0001417  90.6289 269.5071 14.57105576266586
0 BIFROST-DNK
1 64588U 25135BN  26275.30681336  .00000998  00000-0  96411-4 0  9990
2 64588  97.7838  29.0790 0004205   8.8711 351.2583 14.95057549 69919
0 GLOBAL-32
1 64231U 25118B   26274.77058059  .00004677  00000-0  12983-3 0  9995
2 64231  58.9928  61.7200 0012148  80.5177 279.7272 15.38695810 74642
0 OBJECT E
1 64052U 25103E   26275.30789157  .00006409  00000-0  25347-3 0  9993
2 64052  97.3639 346.0778 0003842 136.6896 223.4645 15.25804359 76435
0 SLS DEB
1 55904U 22156D   26237.60986065  .00160405  00000-0  15251-1 0  9990
2 55904  30.3768   3.9048 1534094 198.4117 155.4353 12.19438074147921
0 AAC-AIS-SAT-1
1 55107U 23001DC  26275.23822933  .00002568  00000-0  25337-3 0  9992
2 55107  97.9121 352.5800 0007913 286.3439  73.6910 14.92872415194257
0 REAL
1 64875U 25154G   26274.94588980  .00015952  00000-0  44355-3 0  9995
2 64875  97.3915 343.6199 0001578 113.9116 246.2294 15.36932848 66420
0 UNIFORM 1
1 39767U 14029B   26275.09323962  .00001712  00000-0  15696-3 0  9995
2 39767  97.8069  12.1386 0003934 328.2019  31.8964 14.96231934670206
0 OBJECT C
1 64878U 25155C   26275.28106602  .00003629  00000-0  14189-3 0  9994
2 64878  97.4715 242.2291 0010783 158.2299 201.9400 15.26458165 97000
0 OBJECT U
1 64894U 25155U   26275.24540289  .00035568  00000-0  59002-3 0  9991
2 64894  97.4613 250.0090 0007035 127.6000 232.5892 15.52025128 97525
0 OBJECT D
1 64879U 25155D   26275.23292331  .00006419  00000-0  21020-3 0  9997
2 64879  97.4700 244.4251 0008520 143.9986 216.1831 15.31989395 97146
0 OBJECT R
1 64891U 25155R   26275.27532300  .00009686  00000-0  27921-3 0  9993
2 64891  97.4684 245.8707 0007064 141.6914 218.4833 15.35912114 97247
0 OBJECT S
1 64892U 25155S   26275.24696773  .00009890  00000-0  28321-3 0  9998
2 64892  97.4689 245.9271 0006901 141.4584 218.7154 15.36115360 97248
0 OBJECT T
1 64893U 25155T   26275.28047154  .00012701  00000-0  33270-3 0  9990
2 64893  97.4672 246.7541 0006998 138.5812 221.5964 15.38816292 97309
0 OBJECT Q
1 64890U 25155Q   26275.22910672  .00006956  00000-0  22059-3 0  9993
2 64890  97.4695 244.8678 0008217 131.1293 229.0659 15.32993936 97173
0 OBJECT E
1 64880U 25155E   26275.25309350  .00006960  00000-0  22237-3 0  9993
2 64880  97.4695 244.6992 0008441 143.2303 216.9519 15.32750678 97167
0 OBJECT F
1 64881U 25155F   26275.24198228  .00009327  00000-0  27139-3 0  9999
2 64881  97.4690 245.6606 0008170 140.2761 219.9082 15.35621607 97227
0 IONOSFERA-M 03
1 64876U 25155A   26275.30648454  .00000022  00000-0  29659-4 0  9994
2 64876  98.6169 234.5792 0000189 303.9460  56.1700 14.21501517 61628
0 IONOSFERA-M 04
1 64877U 25155B   26275.27075106  .00000032  00000-0  34481-4 0  9999
2 64877  98.6173 234.4607 0000476  92.0804 268.0428 14.21504146 61616
0 ICEYE-X57
1 64578U 25135BC  26275.27227394  .00002572  00000-0  20721-3 0  9995
2 64578  97.8248  32.2342 0001871  52.2732 307.8661 15.00832968 70082
0 ICEYE-X53
1 64584U 25135BJ  26275.29366502  .00001571  00000-0  12812-3 0  9999
2 64584  97.7302  31.5479 0001265 147.5986 212.5316 15.00908615 70147
0 YUBELEINY 2
1 38735U 12041C   26275.27600497  .00000028  00000-0  13340-3 0  9995
2 38735  82.4818   7.9007 0017594 191.1324 168.9369 12.42652510643147
0 COSMOS 2491
1 39497U 13076E   26275.26714166  .00000010  00000-0  77654-6 0  9990
2 39497  82.4800 101.4413 0012581 214.5991 145.4272 12.43498968578568
0 COSMOS 2581
1 62902U 25026A   26274.76830713  .00000688  00000-0  60367-4 0  9998
2 62902  81.9964 325.7316 0011357  67.1728 293.0691 14.95198877 90146
0 NISAR
1 65053U 25163A   26275.26325445  .00000365  00000-0  12321-3 0  9995
2 65053  98.4056 101.3772 0001219  89.1327 271.0002 14.42503281 61826
0 ICEYE-X50
1 63255U 25052AX  26275.28411023  .00000520  00000-0  51955-4 0  9994
2 63255  97.6720 165.0455 0001453 160.4722 199.6555 14.95554967 84653
0 KAZSTSAT
1 43783U 18099AB  26275.29988018  .00001349  00000-0  11257-3 0  9995
2 43783  97.4237 302.3494 0014053  53.1885 307.0626 15.00075132427367
0 OBJECT H
1 64883U 25155H   26275.26518105  .00005706  00000-0  19219-3 0  9990
2 64883  97.4716 244.3082 0008228 140.0400 220.1448 15.31134357 97131
0 OBJECT V
1 64895U 25155V   26275.19970341  .00005718  00000-0  19256-3 0  9993
2 64895  97.4722 244.2555 0008133 143.8457 216.3336 15.31136515 97112
NOSS 3-6 (P)
1 38773U 12048P   26255.11308659 0.00000000  00000-0  00000-0 0    09
2 38773  63.4244 346.8493 0317724 358.4336   1.5664 13.41054311    01
0 QUICK3
1 64558U 25135AG  26274.89115798  .00007502  00000-0  26459-3 0  9996
2 64558  97.4837  31.8189 0005782 136.4058 223.7640 15.29540145 71151
0 GAOFEN 8
1 40701U 15030A   26275.27897497  .00008147  00000-0  14946-3 0  9993
2 40701  97.6828 115.3586 0008506 156.8691 203.2944 15.49532826628014
0 COSMOS 2572
1 58435U 23182A   26275.26982384  .00339080  56072-4  42048-3 0  9993
2 58435  96.6682  18.0781 0003250 242.3112 117.7843 16.07823266165503
0 COSMOS 2583
1 62904U 25026C   26274.56754519  .00001375  00000-0  12289-3 0  9990
2 62904  81.9976 325.9393 0011340  68.6221 291.6208 14.95202025 90097
0 ICEYE-X46
1 63258U 25052BA  26275.01262106  .00000503  00000-0  50407-4 0  9996
2 63258  97.6730 164.7832 0001590  79.4054 280.7346 14.95575694 84617
0 STRIX 2
1 62406U 24248A   26275.26834332  .00003384  00000-0  21250-3 0  9992
2 62406  97.6411 230.4217 0014645 335.9384  24.1159 15.09888866 97740
0 ALSAT 2B
1 41786U 16059D   26275.28246897  .00000511  00000-0  91315-4 0  9995
2 41786  97.9778 335.4362 0000898 114.7156 245.4144 14.70978850536514
0 ICEYE-X51
1 63257U 25052AZ  26275.19529517  .00002598  00000-0  20903-3 0  9999
2 63257  97.7740 170.1969 0001834  61.1593 298.9815 15.00861546 84856
0 ICEYE-X56
1 64574U 25135AY  26275.25890868  .00001835  00000-0  16827-3 0  9994
2 64574  97.7834  29.4696 0001637  18.2679 341.8601 14.96121722 69937
0 GRUS-3ALPHA
1 64579U 25135BD  26275.30587561  .00000481  00000-0  51314-4 0  9995
2 64579  97.7858  28.4175 0003205  24.7159 335.4214 14.93349834 69861
0 ICEYE-X44
1 62707U 25009DC  26274.74986361  .00001477  00000-0  13511-3 0  9996
2 62707  97.6982 352.1819 0002424 116.6381 243.5089 14.96490521115876
0 ICEYE-X55
1 64581U 25135BF  26275.28744473  .00001474  00000-0  13752-3 0  9998
2 64581  97.7837  29.2733 0003184  17.7151 342.4180 14.95729524 69927
0 COSMOS 2576
1 59773U 24092A   26274.74301789  .00003622  00000-0  17529-3 0  9998
2 59773  97.4481  29.3174 0004061 357.2211   2.9000 15.19211616132576
0 OBJECT D
1 65262U 25180D   26275.27275156  .00002332  00000-0  12436-3 0  9993
2 65262  97.5396  41.5979 0012717 313.0108  47.0059 15.16110282 61886
0 PACE
1 58928U 24025A   26275.24795408  .00000194  00000-0  44530-4 0  9990
2 58928  98.0981 204.9902 0000729 307.9253  52.1884 14.65616053141610
0 HXMT
1 42758U 17034A   26275.26021616  .00002402  00000-0  12211-3 0  9995
2 42758  43.0151 306.4682 0030067 105.5495 254.8676 15.19255439513940
0 PUNCH-NFI00
1 63178U 25047A   26275.00248312  .00000273  00000-0  48240-4 0  9999
2 63178  97.9581  98.6331 0011221 168.4922 191.6546 14.74857614 83825
0 OBJECT A
1 65815U 25219A   26274.79680897  .00000031  00000-0  34966-4 0  9995
2 65815  98.6844 213.5203 0001536  89.4650 270.6702 14.19934979 52512
0 OBJECT A
1 58849U 24018A   26275.32552619  .00000336  00000-0  63271-4 0  9999
2 58849  58.6886 214.2770 0423960 231.6692 124.5513 14.39869235140605
0 PRSC-S1
1 65055U 25164A   26275.24165416  .00002721  00000-0  18938-3 0  9994
2 65055  41.1310  44.5363 0006880 350.1339   9.9339 15.07162678 64583
0 OBJECT B
1 66054U 25234B   26274.73879301  .00002936  00000-0  13176-3 0  9997
2 66054  97.4654 343.1994 0012352  83.3748 276.8894 15.21921105 52847
FIA Radar 3
1 39462U 13072A   26269.81035008 0.00000000  00000-0  00000-0 0    00
2 39462 123.0231 340.5854 0003212  32.7931 327.2069 13.41439416    05
0 TOMORROW-S8
1 66308U 25248R   26275.03551911  .00002564  00000-0  12514-3 0  9994
2 66308  45.3956 267.8963 0005005 276.0739  83.9577 15.21274939 50784
HAVEN-DEMO
1 98525C 25248G   25306.26405727 -.00000933  00000+0 -45446-4 0    05
2 98525  45.4034 255.8524 0000871 205.5699 170.5155 15.17646895    11
TAURUS 1
1 98524C 25248B   25306.26320194  .00027860  00000+0  12985-2 0    04
2 98524  45.4089 255.8588 0007455 201.5294 169.8646 15.19131730    17
TAURUS 2
1 98523C 25248B   25306.26320194  .00027860  00000+0  12985-2 0    03
2 98523  45.4089 255.8588 0007455 201.5294 169.8646 15.19131730    16
TAURUS 3
1 98522C 25248B   25306.26320194  .00027860  00000+0  12985-2 0    02
2 98522  45.4089 255.8588 0007455 201.5294 169.8646 15.19131730    15
TAURUS 4
1 98521C 25248B   25306.26320194  .00027860  00000+0  12985-2 0    01
2 98521  45.4089 255.8588 0007455 201.5294 169.8646 15.19131730    14
0 STARCLOUD-1
1 66303U 25248L   26275.03092222  .00003158  00000-0  14727-3 0  9992
2 66303  45.3991 266.3388 0005613 287.0388  72.9884 15.22202899 50810
0 OBJECT-B
1 65489U 25197B   26274.73561840  .00002138  00000-0  10185-3 0  9993
2 65489  97.4109  99.1124 0013487   1.0616 359.0646 15.20134765 59468
0 UNICORN-2O
1 63980U 25052BS  26046.23064614  .07374698  24226-5  45213-2 0  9996
2 63980  97.3693 306.5452 0009140 143.6049 216.5862 16.18030447 51696
0 UNICORN-2P
1 63981U 25052BT  26061.66207681  .09079400  24721-5  43819-2 0  9999
2 63981  97.3656 322.3272 0007474 166.9554 193.1930 16.21219791 54086
0 LYRA-3
1 64577U 25135BB  26275.23779182  .00000770  00000-0  12210-3 0  9999
2 64577  97.7771  15.9704 0020538   0.7947 359.3292 14.74727265 69047
0 BUZZZER-1
1 62609U 25009A   26275.01936302  .00001554  00000-0  70518-4 0  9995
2 62609  97.3845 351.3947 0006572 330.4153  29.6711 15.22283543 94949
0 LYRA-4
1 64691U 25140A   26274.82970076  .00000768  00000-0  12490-3 0  9998
2 64691  96.0100   7.5584 0011859 201.4667 158.6050 14.72717213 67758
0 OBJECT D
1 64051U 25103D   26275.31445969  .00002174  00000-0  10510-3 0  9994
2 64051  97.3729 344.0031 0003024 223.5853 136.5143 15.19661154 76260
0 OBJECT A
1 65259U 25180A   26273.82568052  .00008445  00000-0  33520-3 0  9996
2 65259  97.5323  43.0903 0010688 308.2725  51.7551 15.25556482 61887
0 MONOLITH
1 49052U 21068A   26275.30494061  .00002834  00000-0  17603-3 0  9993
2 49052  37.0239 341.0871 0002511   2.8111 357.2649 15.10039112283475
0 TIANYAN 23
1 63209U 25051B   26275.26991166  .00029658  00000-0  43119-3 0  9996
2 63209  97.4482   6.4188 0004456  70.2615 289.9119 15.55724778 86973
0 COSMIC
1 66658U 25274J   26275.04470475  .00001431  00000-0  13647-3 0  9997
2 66658  97.7492 203.1073 0013300  26.6935 333.4967 14.94857359 46195
0 OBJECT H
1 66657U 25274H   26274.76582141  .00001270  00000-0  12465-3 0  9996
2 66657  97.7497 202.5589 0012770  26.4516 333.7354 14.93893290 46137
0 OBJECT G
1 66656U 25274G   26274.80129387  .00001327  00000-0  13057-3 0  9990
2 66656  97.7498 202.5192 0013919   9.9515 350.1978 14.93735123 46133
0 OBJECT L
1 66660U 25274L   26274.74172355  .00001369  00000-0  13263-3 0  9996
2 66660  97.7506 202.7731 0014649  29.5597 330.6449 14.94284411 46145
0 OBJECT E
1 66654U 25274E   26275.05771442  .00000912  00000-0  92168-4 0  9991
2 66654  97.7500 202.6551 0013287   8.4614 351.6827 14.93403241 46162
0 OBJECT K
1 66659U 25274K   26275.03717947  .00001125  00000-0  11026-3 0  9994
2 66659  97.7503 202.9859 0014104  28.5027 331.6962 14.94169881 46184
0 E3TESTER
1 66662U 25274N   26275.03194085  .00001281  00000-0  12371-3 0  9997
2 66662  97.7505 203.1568 0015706  28.5121 331.6955 14.94524338 46199
0 INHA-ROSAT
1 66653U 25274D   26275.11498663  .00000676  00000-0  70374-4 0  9990
2 66653  97.7499 202.5727 0012746   7.5541 352.5868 14.93034297 46166
0 E3TESTER
1 66662U 25274N   26275.03194085  .00001281  00000-0  12371-3 0  9997
2 66662  97.7505 203.1568 0015706  28.5121 331.6955 14.94524338 46199
0 OBJECT M
1 66661U 25274M   26274.79503390  .00000788  00000-0  78608-4 0  9998
2 66661  97.7502 202.8456 0015298  29.9948 330.2145 14.94287428 46153
0 CAS500-3
1 66655U 25274F   26275.17899614  .00000628  00000-0  73658-4 0  9994
2 66655  97.7444 200.7803 0002947 229.8934 130.2025 14.88352654 46069
0 BEE-1000
1 66650U 25274A   26275.04046165  .00001412  00000-0  13984-3 0  9997
2 66650  97.7496 202.5142 0011929   7.4544 352.6850 14.93361669 46152
0 BEE-1000
1 66650U 25274A   26275.04046165  .00001412  00000-0  13984-3 0  9997
2 66650  97.7496 202.5142 0011929   7.4544 352.6850 14.93361669 46152
0 OBJECT M
1 66661U 25274M   26274.79503390  .00000788  00000-0  78608-4 0  9998
2 66661  97.7502 202.8456 0015298  29.9948 330.2145 14.94287428 46153
0 HYDROGNSS-1
1 66762U 25276DA  26274.96882261  .00001421  00000-0  86473-4 0  9992
2 66762  97.4102 344.3298 0011946  48.3147 311.9104 15.11936870 46485
0 LILIUM-3
1 66770U 25276DJ  26274.75822655  .00001351  00000-0  66017-4 0  9993
2 66770  97.4149 346.7281 0000951 185.0026 175.1200 15.19932210 46616
0 MERCURY ONE (M1)
1 66742U 25276CE  26274.77835022  .00002336  00000-0  11049-3 0  9994
2 66742  97.4094 346.5031 0001626   3.9912 356.1336 15.20363374 46619
TRYAD-1
1 98514C 25276W   25332.82006016 -.00014061  00000+0 -69126-3 0    00
2 98514  97.4427  44.8324 0001837 139.3929 208.7124 15.18117529    17
TRYAD-2
1 98472C 25276G   25332.81894905 -.00015115  00000+0 -77900-3 0    04
2 98472  97.4427  44.8315 0005749 353.2232 348.8171 15.16448967    19
0 IHI-SAT2
1 66772U 25276DL  26274.71950204  .00003491  00000-0  15348-3 0  9990
2 66772  97.4138 347.3392 0001684 145.8159 214.3186 15.22547461 46658
ION SCV-021
1 98507C 25276DK  25332.83867706 -.00036221  00000+0 -18257-2 0    04
2 98507  97.4442  44.8477 0001886  15.3011  74.4274 15.17249798    11
0 HYDROGNSS-2
1 66763U 25276DB  26275.00323156  .00001564  00000-0  94869-4 0  9998
2 66763  97.4101 344.2938 0010774 354.7742   5.3374 15.11917096 46480
0 PIAST-S1
1 66749U 25276CM  26274.73998065  .00003226  00000-0  14774-3 0  9991
2 66749  97.4093 346.6974 0001481 357.2374   2.8853 15.21201410 46621
0 ION-SCV-022
1 66682U 25276S   26274.72732680  .00000671  00000-0  61449-4 0  9998
2 66682  97.5178 341.5651 0006303 160.4546 199.6920 14.98058228 46025
0 OBJECT DD
1 66765U 25276DD  26274.76009292  .00006907  00000-0  27196-3 0  9998
2 66765  97.4121 348.1204 0000918 125.8909 234.2414 15.25933043 46713
0 LILIUM-2
1 66679U 25276P   26275.01308137  .00001610  00000-0  81467-4 0  9999
2 66679  97.4055 345.8873 0005972   9.9233 350.2118 15.18424352 46604
AC1-002
1 98502C 25276DH  25332.83812498 -.00039587  00000+0 -19966-2 0    03
2 98502  97.4441  44.8466 0001831  19.3111  67.4049 15.17230783    14
0 OBJECT DP
1 66775U 25276DP  26274.94139503  .00003850  00000-0  16968-3 0  9997
2 66775  97.4031 347.0982 0002863 117.3096 242.8432 15.22395630 46681
0 MICE-1
1 66684U 25276U   26275.18932772  .00001820  00000-0  88119-4 0  9995
2 66684  97.4174 347.0258 0004923 357.8158   2.3055 15.19813700 46660
0 BRO-20
1 66674U 25276J   26274.98351928  .00001536  00000-0  77293-4 0  9994
2 66674  97.4071 345.9807 0006123   6.8106 353.3210 15.18694987 46609
0 PIAST-M
1 66758U 25276CW  26275.12549876  .00002846  00000-0  13102-3 0  9998
2 66758  97.4086 347.0721 0000784  56.1290 304.0020 15.21112545 46684
CTC-1A
1 98482U          25332.82035646  .00003403  00000-0  17393-3 0 00009
2 98482 097.4475 044.8332 0007770 330.0061 019.7177 15.16670007000013
0 T-MICROSAT-1
1 66766U 25276DE  26274.76274315  .00003122  00000-0  14077-3 0  9999
2 66766  97.4065 346.8386 0001791 114.1464 245.9960 15.21763085 46644
0 HUNITY-1
1 66670U 25276E   26275.15240680  .00019888  00000-0  64266-3 0  9996
2 66670  97.3964 348.8704 0004905   2.4948 357.6317 15.32120452 46832
0 PIAST-S2
1 66757U 25276CV  26275.02330125  .00003215  00000-0  14622-3 0  9990
2 66757  97.4116 347.1752 0000581  18.0317 342.0940 15.21444478 46679
AC1-001
1 98501C 25276DB  25332.83686572 -.00037976  00000+0 -19187-2 0    09
2 98501  97.4447  44.8504 0002753  16.4894  63.3438 15.17166546    14
6GSTARLAB
1 98500C 25276Q   25332.81957058 -.00020149  00000+0 -10356-2 0    09
2 98500  97.4493  44.8302 0005240 344.1804   1.2397 15.16550460    12
0 GYEONGGISAT-1
1 66771U 25276DK  26275.09992629  .00003368  00000-0  15185-3 0  9990
2 66771  97.4136 347.4547 0001365 159.8173 200.3117 15.21708562 46698
0 BRO-17
1 66672U 25276G   26274.88458466  .00001743  00000-0  87678-4 0  9994
2 66672  97.4094 345.8980 0006413   3.1989 356.9285 15.18524558 46588
PW-6U
1 98513C 25276X   25332.82018632 -.00000922  00000+0 -45419-4 0    07
2 98513  97.4459  44.8318 0001293 154.2539 194.5339 15.18038025    16
3UCUBED-A
1 98517C 25276BN  25332.82504975  .00001682  00000+0  83855-4 0    09
2 98517  97.4423  44.8362 0000660  28.9081 346.4366 15.17617264    11
0 ANISCSAT-1
1 66671U 25276F   26274.71896796  .00005789  00000-0  24583-3 0  9996
2 66671  97.4106 347.1032 0004977   1.1600 358.9647 15.23450041 46647
CTC-1C
1 98480U 25276AS  25332.82216433 -.00022598  00000+0 -11210-2 0    02
2 98480  97.4485  44.8340 0000580 252.9749 106.6046 15.17805408    04
0 LUNA-1
1 66777U 25276DR  26274.77966210  .00005385  00000-0  22265-3 0  9995
2 66777  97.4159 347.9701 0001847 164.3399 195.7895 15.24393901 46692
VEERY-0G SPIN-2
1 98471C 25276V   25332.82003007 -.00016250  00000+0 -83956-3 0    08
2 98471  97.4429  44.8323 0006176 356.8754 351.0665 15.16360449    14
0 NAHLA
1 66764U 25276DC  26274.75496129  .00001416  00000-0  70199-4 0  9997
2 66764  97.4105 346.2559 0002062 356.2967   3.8252 15.19333659 46598
CTC-1B
1 98481U          25332.82173840  .00003584  00000-0  17687-3 0 00003
2 98481 097.4451 044.8348 0003092 295.9955 061.2772 15.17917918000016
0 BLACK KITE-1
1 66741U 25276CD  26274.99711673  .00004672  00000-0  20787-3 0  9996
2 66741  97.4144 347.1803 0004828 352.0470   8.0689 15.21961664 43968
AC1-003
1 98503C 25276CR  25332.83576965 -.00036690  00000+0 -18600-2 0    06
2 98503  97.4447  44.8487 0002976  25.2861  48.5664 15.17046294    18
0 OTTER SDM
1 66678U 25276N   26275.20260668  .00003546  00000-0  16366-3 0  9990
2 66678  97.4108 346.9298 0005267   0.6780 359.4462 15.20854763 46673
0 OBJECT XY
1 66912U 98067XY  26181.26850509  .04959706  12213-4  89989-3 0  9996
2 66912  51.6017 203.3402 0004540 328.5351  31.5400 16.31633310 32959
0 OBJECT XX
1 66911U 98067XX  26101.45822411  .06931681  12208-4  13558-2 0  9995
2 66911  51.5990 251.7761 0012204 297.7475  62.2310 16.30633237 20407
0 GRUS-1C
1 47933U 21022B   26275.27693123  .00000796  00000-0  70635-4 0  9995
2 47933  97.5164 154.7143 0011137 322.7536  37.2914 14.98846005301944
0 GRUS-1E
1 47935U 21022D   26275.27949323  .00000736  00000-0  65242-4 0  9995
2 47935  97.5205 156.0941 0008741 327.6119  32.4567 14.99074973301995
0 GRUS-1D
1 47936U 21022E   26275.28640725  .00001161  00000-0  10070-3 0  9992
2 47936  97.5193 155.0353 0009504 314.2996  45.7447 14.98892131301943
0 DUPLEX
1 66906U 98067XT  26275.02443329  .00044501  00000-0  34647-3 0  9997
2 66906  51.6227 106.6523 0004357 222.9095 137.1563 15.71255842 47404
0 FORESAIL-1 PRIME
1 66778U 25276DS  26274.77269384  .00002606  00000-0  12612-3 0  9992
2 66778  97.4100 346.0900 0003838  95.7696 264.3977 15.19455664 46580
0 KINEIS-5D
1 62082U 24219B   26275.24894737  .00000510  00000-0  87778-4 0  9999
2 62082  97.9280  71.4184 0003728 295.8242  64.2581 14.72604940 99519
USA 570
1 66992U 25291A   26273.80496944 0.00000000  00000-0  00000-0 0    08
2 66992  63.4439 241.8845 0104551 181.7366 178.2634 13.41008154    01
0 W-SERIES 4
1 64543U 25135R   26155.12839034  .19897838  22280-5  14009-3 0  9996
2 64543  97.4058 267.3464 0042699 124.9730 235.5596 16.49444068 52632
0 OBJECT A
1 66993U 25292A   26275.03899271  .00002227  00000-0  15283-3 0  9999
2 66993  97.6218 349.7127 0014591   0.4207 359.7030 15.06957102 44533
0 FORMOSAT-8A
1 66666U 25276A   26274.87614961  .00000891  00000-0  74255-4 0  9990
2 66666  97.6534 347.5202 0003898 265.0065  95.0714 15.01104463 46068
0 COSMOS 2582
1 62903U 25026B   26274.70143197  .00000532  00000-0  46131-4 0  9997
2 62903  81.9965 325.8000 0011342  67.5010 292.7410 14.95198663 90127
0 ALOS 2
1 39766U 14029A   26275.26960765 -.00000024  00000-0  36567-5 0  9999
2 39766  97.9228  10.8997 0001546  94.0161 266.1227 14.79465331667414
0 THE ARAB SATELLITE 813
1 66994U 25292B   26274.80564714  .00002112  00000-0  14409-3 0  9997
2 66994  97.6244 349.6134 0014168   2.9878 357.1431 15.07227264 44505
0 SPACEMOBILE-006
1 67232U 25309A   26274.51748862  .00000298  00000-0  29398-4 0  9995
2 67232  52.9954 204.4436 0012206 100.3952 259.8418 15.18960497 42755
0 OBJECT D
1 66996U 25292D   26275.27418087  .00001457  00000-0  10254-3 0  9997
2 66996  97.6233 349.8664 0013935   3.3405 356.7912 15.06565833 44568
0 CO3D1
1 64903U 25156E   26275.24826296  .00000714  00000-0  36090-4 0  9996
2 64903  97.4343 352.3013 0001209  95.8938 264.2435 15.20193207 65798
0 OBJECT T
1 67265U 25313T   26274.74176198  .00004945  00000-0  20159-3 0  9996
2 67265  97.3835 347.8951 0013472 355.8796   4.2329 15.24832815 42184
0 OBJECT W
1 67268U 25313W   26274.97499673  .00003672  00000-0  15522-3 0  9994
2 67268  97.3853 347.9315 0014048 355.3954   4.7152 15.23770308 42202
0 OBJECT R
1 67263U 25313R   26274.99313227  .00005243  00000-0  21269-3 0  9992
2 67263  97.3857 348.2439 0013459 353.7840   6.3229 15.24971564 42226
0 OBJECT BB
1 67297U 25313BB  26274.99859779  .00005882  00000-0  22459-3 0  9997
2 67297  97.3847 348.9606 0007441 351.8469   8.2648 15.27000207 42276
0 OBJECT J
1 67256U 25313J   26274.71453909  .00004743  00000-0  19412-3 0  9997
2 67256  97.3829 347.7499 0014605 353.4014   6.7029 15.24705076 42170
0 OBJECT AT
1 67289U 25313AT  26275.16095741  .00007123  00000-0  26099-3 0  9993
2 67289  97.3838 349.3076 0007994 345.7528  14.3485 15.28285365 42317
0 OBJECT AY
1 67294U 25313AY  26275.16510104  .00005238  00000-0  20186-3 0  9990
2 67294  97.3849 349.0274 0007867 348.3460  11.7596 15.26738200 42295
0 OBJECT E
1 67252U 25313E   26275.27427865  .00003801  00000-0  15285-3 0  9995
2 67252  97.3851 348.8816 0008872 335.4813  24.6002 15.25491717 42290
0 OBJECT N
1 67260U 25313N   26275.17181862  .00003626  00000-0  15543-3 0  9999
2 67260  97.3852 347.9736 0012862 355.1419   4.9691 15.23316677 42223
0 OBJECT K
1 67257U 25313K   26274.98660756  .00005014  00000-0  20569-3 0  9994
2 67257  97.3834 348.0199 0014421 354.7457   5.3627 15.24600468 42212
0 OBJECT Y
1 67270U 25313Y   26275.18934852  .00004687  00000-0  19041-3 0  9991
2 67270  97.3843 348.3983 0013401 353.6712   6.4355 15.24977772 42259
0 OBJECT AV
1 67291U 25313AV  26275.18546673  .00007398  00000-0  26716-3 0  9993
2 67291  97.3831 349.4176 0007510 344.2983  15.8023 15.28750821 42327
0 OBJECT AR
1 67287U 25313AR  26275.17890070  .00004597  00000-0  18102-3 0  9998
2 67287  97.3838 348.8326 0008573 348.2306  11.8731 15.26080610 42289
0 OBJECT BA
1 67296U 25313BA  26275.07632161  .00006107  00000-0  23362-3 0  9995
2 67296  97.3849 349.0047 0007656 349.1138  10.9934 15.26921399 42281
0 OBJECT AW
1 67292U 25313AW  26274.71465711  .00005468  00000-0  21105-3 0  9998
2 67292  97.3842 348.5481 0007992 349.1958  10.9108 15.26670804 42228
0 OBJECT AZ
1 67295U 25313AZ  26274.76529636  .00003955  00000-0  15927-3 0  9997
2 67295  97.3845 348.3290 0009267 339.3828  20.7035 15.25413591 42218
0 OBJECT L
1 67258U 25313L   26274.18137020  .00004284  00000-0  17551-3 0  9995
2 67258  97.3833 347.2505 0014391 356.7903   3.3240 15.24735347 42098
0 OBJECT AU
1 67290U 25313AU  26275.12690538  .00005843  00000-0  22605-3 0  9992
2 67290  97.3834 348.8973 0008214 347.6958  12.4079 15.26560353 42284
0 OBJECT U
1 67266U 25313U   26275.18645278  .00004666  00000-0  18943-3 0  9994
2 67266  97.3863 348.4681 0013262 352.8155   7.2891 15.25004003 42252
0 OBJECT AN
1 67284U 25313AN  26274.77418707  .00002799  00000-0  11926-3 0  9992
2 67284  97.3827 347.8000 0009997 353.8412   6.2700 15.23750948 42181
0 OBJECT AH
1 67279U 25313AH  26274.74459931  .00003924  00000-0  16452-3 0  9997
2 67279  97.3824 347.7116 0013299 355.9752   4.1377 15.24013758 42177
0 OBJECT AX
1 67293U 25313AX  26274.77158012  .00002007  00000-0  87062-4 0  9999
2 67293  97.3843 347.8637 0010108 342.0901  17.9979 15.23466192 42186
0 ICEYE-X52
1 64572U 25135AW  26275.25056238  .00001022  00000-0  10147-3 0  9994
2 64572  97.7836  28.3971 0001591  17.9180 342.2095 14.93916325 69865
IGS Opt 6
1 43223U 18021A   26237.00160296 0.00000000  00000-0  00000-0 0    03
2 43223  97.3619 356.0758 0007880 315.0968  44.9031 15.27650769    09
Unknown Satellite
1 98424U 14087A   25365.46550792  .00000000  00000-0  13520-3 0    03
2 98424  97.5500  77.9404 0006729 146.6344 341.7667 15.19828235    06
0 BRO-20
1 66674U 25276J   26274.98351928  .00001536  00000-0  77293-4 0  9994
2 66674  97.4071 345.9807 0006123   6.8106 353.3210 15.18694987 46609
0 MAUVE
1 66756U 25276CU  26274.68540650  .00003910  00000-0  17531-3 0  9990
2 66756  97.4108 346.8265 0000635  13.0785 347.0467 15.21800789 46623
0 ION-SCV-022
1 66682U 25276S   26274.72732680  .00000671  00000-0  61449-4 0  9998
2 66682  97.5178 341.5651 0006303 160.4546 199.6920 14.98058228 46025
0 OBJECT S
1 67264U 25313S   26275.02290970  .00003459  00000-0  14818-3 0  9996
2 67264  97.3927 348.1442 0014281   0.9575 359.1686 15.23356943 42209
0 OBJECT Z
1 67271U 25313Z   26274.73255919  .00002285  00000-0  10197-3 0  9997
2 67271  97.3841 347.3169 0014333 354.4874   5.6202 15.22307635 42149
PANDORA
1 98415U          26011.57430556  .00000000  00000-0  50000-4 0    04
2 98415  97.4500  12.1270 0001449   0.0000 144.8055 15.13677675    00
0 CONNECTA IOT-16
1 67390U 26004AD  26275.21651891  .00004488  00000-0  21946-3 0  9991
2 67390  97.4661 272.7207 0003220   6.5042 353.6233 15.18720442 39989
0 CONNECTA IOT-15
1 67402U 26004AR  26275.24763329  .00003955  00000-0  19426-3 0  9996
2 67402  97.4643 272.6118 0002456 359.7352   0.3881 15.18640270 39974
0 CONNECTA IOT-14
1 67401U 26004AQ  26275.26019501  .00004463  00000-0  21369-3 0  9997
2 67401  97.4585 272.8455 0008431 339.4507  20.6388 15.19436955 40018
0 CONNECTA IOT-13
1 67400U 26004AP  26275.23366648  .00004126  00000-0  20143-3 0  9995
2 67400  97.4637 272.7687 0007800 352.6614   7.4505 15.18807371 39998
DCUBED-1
1 98416U          26011.57430556  .00000000  00000-0  50000-4 0    05
2 98416  97.4500  12.1270 0001449   0.0000 144.8055 15.13677675    01
CARSBSAR
1 98417U          26011.57430556  .00000000  00000-0  50000-4 0    06
2 98417  97.4500  12.1270 0001449   0.0000 144.8055 15.13677675    02
SPARCS
1 98418U          26011.57430556  .00000000  00000-0  50000-4 0    07
2 98418  97.4500  12.1270 0001449   0.0000 144.8055 15.13677675    03
0 FLAMINGO-1
1 67391U 26004AE  26274.95724880  .00001062  00000-0  55619-4 0  9991
2 67391  97.4622 272.3102 0004772 332.1234  27.9743 15.17960166 39942
Hydra-2
1 98414U          26011.61429188  .00000000  00000-0  10027-2 0  9997
2 98414  97.4560  12.9912 0004309 139.7313 219.8438 15.16782699    16
0 TANDEM X
1 36605U 10030A   26273.31753810 -.00000067  00000-0  26092-7 0  9992
2 36605  97.4470 279.5346 0001755  96.2732 263.8703 15.19153477902605
0 TERRA SAR X
1 31698U 07026A   26273.31753946 -.00000070  00000-0 -12552-6 0  9990
2 31698  97.4468 279.5359 0001813  84.5543 275.5898 15.19151753 69185
0 OBJECT AK
1 67281U 25313AK  26274.77056176  .00002744  00000-0  11820-3 0  9990
2 67281  97.3784 347.5128 0011304 354.1029   6.0073 15.23383367 42178
0 OBJECT AJ
1 67280U 25313AJ  26274.78794678  .00002750  00000-0  11877-3 0  9995
2 67280  97.3901 347.9073 0012531 354.2295   5.8796 15.23285120 42177
0 NORSAT 3
1 48272U 21034E   26275.27202942  .00001461  00000-0  10435-3 0  9991
2 48272  97.5197 329.9590 0005582 304.9796  55.0906 15.06017462295955
0 CHEOPS
1 44874U 19092B   26274.98859877  .00000150  00000-0  39174-4 0  9994
2 44874  98.1503 101.7848 0011605 121.4697 238.7640 14.62021964361507
0 ZY 3 04
1 67131U 25300A   26274.78695225  .00002207  00000-0  10202-3 0  9992
2 67131  97.4650 351.8444 0005970 311.2930  48.7792 15.21222911 44045
NOSS 3-7 (A)
1 40964U 15058A   26269.87494342 0.00000000  00000-0  00000-0 0    01
2 40964  63.4447 174.7523 0240919 358.8289   1.1711 13.41003164    04
0 LIDE
1 64869U 25154A   26275.17333827  .00001652  00000-0  15658-3 0  9998
2 64869  97.6606 336.5615 0004339 221.2646 138.8247 14.94908363 64987
0 RADARSAT 2
1 32382U 07061A   26275.30319240 -.00000011  00000-0  12570-4 0  9998
2 32382  98.5824 280.7251 0001225  83.5057 276.6265 14.29981600981269
0 OBJECT B
1 66651U 25274B   26275.05222656  .00001315  00000-0  12962-3 0  9997
2 66651  97.7489 202.6286 0012094   5.0221 355.1118 14.93673773 46163
0 TIGER-8
1 59120U 24043Y   26274.91655670  .00006192  00000-0  12708-3 0  9999
2 59120  97.5678  67.9825 0007488 167.3797 192.7641 15.46395515144277
0 HJS-6B
1 63429U 25067B   26275.24606873  .00005089  00000-0  25310-3 0  9998
2 63429  55.0003 279.7886 0003514 208.6491 151.4336 15.19276957 84219
0 LEOPARD
1 67687U 98067YE  26275.12669074  .00199208  00000-0  10334-2 0  9993
2 67687  51.6211 109.6063 0009537 236.8608 123.1479 15.79833242 36981
0 HMU-SAT2
1 67688U 98067YF  26274.80812940  .00148311  00000-0  67873-3 0  9990
2 67688  51.6232 107.4341 0008235 227.5605 132.4702 15.82712347 36986
0 UITMSAT
1 67686U 98067YD  26274.75375171  .00276012  39727-4  81682-3 0  9998
2 67686  51.6168 103.9865 0009231 244.1128 115.8928 15.92005207 37107
0 KNACKSAT-2
1 67683U 98067YA  26274.79266591  .00056641  00000-0  44448-3 0  9995
2 67683  51.6228 114.1376 0008576 237.1245 122.8928 15.70929164 36970
0 GXIBA-1
1 67685U 98067YC  26275.10952035  .00087971  00000-0  55804-3 0  9996
2 67685  51.6195 109.4568 0009588 239.5229 120.4824 15.75711252 37069
0 LOGSATS
1 62689U 25009CJ  26098.74662697  .12544300  24838-5  19322-2 0  9997
2 62689  97.3596 191.3193 0013238 279.5788  80.4012 16.33862094 68979
0 ICEYE-X62
1 66755U 25276CT  26274.73371691  .00001241  00000-0  79103-4 0  9991
2 66755  97.4101 343.5803 0002835  33.0998 327.0409 15.10478224 46413
0 LEMUR-2 GRAM-E-SUE
1 67370U 26004H   26275.23876390  .00001638  00000-0  17997-3 0  9999
2 67370  97.8054 272.1866 0007878 141.8093 218.3684 14.88990523 39223
0 SJ-30A
1 66545U 25266A   26275.32760096  .00003014  00000-0  17339-3 0  9996
2 66545  51.7987  37.4806 0006191 254.6845 105.3448 15.15464505 48108
0 ORBASTRO-TR5
1 63236U 25052AC  26274.64075937  .00002562  00000-0  11249-3 0  9991
2 63236  97.3666 164.3345 0005140 125.2970 234.8748 15.22827281 86010
0 IRIDE-MS1-EAG2-4
1 66698U 25276AJ  26274.78271446  .00003331  00000-0  15459-3 0  9994
2 66698  97.4087 346.4605 0003821  14.7934 345.3413 15.20718758 46616
HErO
1 98388U 14900A   26064.12755787  .00000000  00000-0  00000-0 0    03
2 98388  97.4566 147.8115 0001824 270.0767  71.5898 15.21229641    07
TATARA-1R
1 98390U 14900A   26064.12755787  .00000000  00000-0  00000-0 0    06
2 98390  97.4566 147.8115 0001824 270.0767  71.5898 15.21229641    00
SC-Sat1a
1 98389U 14900A   26064.12755787  .00000000  00000-0  00000-0 0    04
2 98389  97.4566 147.8115 0001824 270.0767  71.5898 15.21229641    08
AETS-1
1 98387U 14900A   26064.12755787  .00000000  00000-0  00000-0 0    02
2 98387  97.4566 147.8115 0001824 270.0767  71.5898 15.21229641    06
0 IOD2_STARTICAL
1 64538U 25135L   26275.17304423  .00002329  00000-0  10797-3 0  9991
2 64538  97.4791  28.8883 0005221 148.6094 211.5454 15.21059543 71087
0 TEN-KOH 2
1 68261U 25241B   26275.19703035  .00004388  00000-0  18651-3 0  9994
2 68261  51.6561 169.8602 0007841 146.4669 213.6807 15.25044795 31235
0 OBJECT G
1 67254U 25313G   26274.77283485  .00019663  00000-0  23657-3 0  9994
2 67254  97.0736 352.1127 0004413 167.7491 192.3875 15.60859523 43237
0 OBJECT H
1 67255U 25313H   26274.99229757  .00001349  00000-0  88472-4 0  9990
2 67255  97.2746 337.2202 0067133 328.1491  31.5685 15.07494573 41748
0 ICEYE-X61
1 66754U 25276CS  26274.76137723  .00001759  00000-0  87097-4 0  9994
2 66754  97.4107 346.2504 0002556 351.8947   8.2246 15.19085898 46597
0 PHASMA-DIRAC
1 66681U 25276R   26274.73874780  .00009922  00000-0  37761-3 0  9993
2 66681  97.4016 347.6210 0004571  17.8441 342.2957 15.26941555 46703
0 PHASMA-LAMARR
1 66673U 25276H   26275.17611092  .00009134  00000-0  36282-3 0  9990
2 66673  97.4066 347.8096 0005459   7.6598 352.4722 15.25536389 46740
0 OBJECT AP
1 67285U 25313AP  26274.97489244  .00003693  00000-0  15152-3 0  9998
2 67285  97.3825 348.2752 0009511 353.5857   6.5258 15.24824841 42233
0 LEMUR 2 AFFIE-WAUWIE
1 66295U 25248C   26275.00779556  .00013086  00000-0  44110-3 0  9991
2 66295  45.3930 254.6067 0006532 343.0787  16.9885 15.30773338 50947
0 LEMUR 2 AMANDA-SVANTE
1 48269U 21034B   26274.77064479  .00026091  00000-0  64036-3 0  9994
2 48269  97.5676 356.3216 0002630 192.7131 167.4049 15.40672064297433
0 GLOBAL-5
1 55983U 23041C   26275.13918088  .00008585  00000-0  23103-3 0  9998
2 55983  42.0009 297.5986 0006994  32.4849 327.6420 15.38020109198406
0 GLOBAL-33
1 66554U 25267A   26275.07737361  .00008589  00000-0  22505-3 0  9991
2 66554  42.0177 153.4191 0012146 271.2919  88.6529 15.38801042 48505
0 LEMUR 2 LANGER2SPACE
1 63358U 25061H   26275.17297795  .00001983  00000-0  10976-3 0  9995
2 63358  97.5754 250.3290 0014769 246.1177 113.8508 15.14950383 83815
0 BLACK KITE-1
1 66741U 25276CD  26274.99711673  .00004672  00000-0  20787-3 0  9996
2 66741  97.4144 347.1803 0004828 352.0470   8.0689 15.21961664 43968
0 TAIJING-2 04
1 58820U 24016A   26275.30244775  .00030261  00000-0  34830-3 0  9993
2 58820  97.4466  15.5422 0004530  22.0088 338.1364 15.61938914150755
0 OBJECT F
1 67253U 25313F   26274.74053099  .00019367  00000-0  23426-3 0  9991
2 67253  97.0743 352.1576 0004504 196.9468 163.1641 15.60721419 43241
0 OBJECT C
1 67748U 26027C   26274.91257097  .00002731  00000-0  13136-3 0  9990
2 67748  97.5211  42.5197 0009952 200.7710 159.3121 15.19619642 35160
0 RASSVET-3 14
1 68373U 26061P   26275.27961201  .00022873  00000-0  17205-3 0  9992
2 68373  82.2888 253.8752 0012287  86.2773 273.9895 15.72278476 30386
0 OBJECT AF
1 67277U 25313AF  26274.97493622  .00003661  00000-0  15508-3 0  9994
2 67277  97.3814 347.8062 0013091 359.0346   1.0863 15.23716220 42202
WINNEBAGO 06
1 98357C 26066AX  26089.50644153 -.00021799  00000+0 -10992-2 0    00
2 98357  97.4426  49.1605 0002517  19.0277  10.5102 15.17232642    15
VIREON-2
1 98349C 26067F   26089.49773563 -.00014857  00000+0 -72769-3 0    06
2 98349  97.4450  49.1587 0002503 123.2850 218.7612 15.18244923    16
CYCLOPS-1
1 98350C 26067T   26089.49942544 -.00020853  00000+0 -10285-2 0    02
2 98350  97.4520  49.1589 0000707 161.0262 190.2316 15.18005631    15
VIGORIDE
1 98359C 26066AS  26089.50558273 -.00006157  00000+0 -30670-3 0    06
2 98359  97.4424  49.1595 0000674 359.9242  24.9258 15.17658170    12
0 AIGLONSAT-1
1 68437U 26067X   26274.82391210  .00010108  00000-0  44168-3 0  9992
2 68437  97.4626 232.2148 0004326  62.0843 298.0831 15.22289849 28151
0 UNICORN-2S
1 68475U 26067BM  26275.10995526  .00005932  00000-0  56747-3 0  9991
2 68475  97.7622 231.6997 0006029  66.2498 293.9353 14.93576619 27154
UNICORN-2R
1 98353C 26067BH  26089.56063215 -.00072091  00000+0 -73836-2 0    04
2 98353  97.7465  49.0705 0004127 349.1024 334.3763 14.90616544    10
0 TORO-3
1 68481U 26067BT  26275.12161248  .00001010  00000-0  10441-3 0  9990
2 68481  97.7810 232.0603 0002271 354.9431   5.1765 14.92293943 27670
0 T.MICROSAT-2
1 68433U 26067T   26275.18872758  .00002579  00000-0  12923-3 0  9996
2 68433  97.4700 232.0526 0007246  58.6595 301.5347 15.18239169 28165
SPACEVAN 2
1 98358C 26066AW  26089.50622046 -.00013155  00000+0 -65649-3 0    05
2 98358  97.4405  49.1592 0000895  26.8142   1.5212 15.17592748    10
SHARJAH-SAT 2
1 98363C 26067V   26089.49984326 -.00012757  00000+0 -63026-3 0    06
2 98363  97.4513  49.1596 0000455 143.3402 210.2007 15.17945209    11
0 SAL-E
1 68458U 26067AU  26274.87435330  .00004335  00000-0  20983-3 0  9996
2 68458  97.4611 231.6390 0007607  69.3798 290.8251 15.19077292 28120
0 OBJECT BD
1 68467U 26067BD  26274.82453732  .00011165  00000-0  49012-3 0  9990
2 68467  97.4524 231.8365 0008267  71.4504 288.7629 15.22080556 28147
0 PEAKSAT
1 68416U 26067A   26274.86528447  .00003629  00000-0  16858-3 0  9992
2 68416  97.4681 232.2699 0000350 175.5199 184.6040 15.20637187 28159
0 PARUS-6U1
1 68456U 26067AS  26274.84322283  .00003298  00000-0  16328-3 0  9998
2 68456  97.4689 231.7100 0007191  62.5109 297.6855 15.18469019 28117
0 OPTISAT
1 68418U 26067C   26275.19393267  .00002679  00000-0  12844-3 0  9996
2 68418  97.4719 232.5378 0000688 325.1759  34.9431 15.19770815 28198
0 LUNA-2
1 68470U 26067BG  26275.11669915  .00003068  00000-0  15183-3 0  9994
2 68470  97.4610 231.7736 0008720  63.9979 296.2152 15.18519845 28153
LILIUM-4
1 98391C 26067AC  26089.50133053 -.00014632  00000+0 -74472-3 0    03
2 98391  97.4497  49.1617 0004341   5.9603 355.7042 15.16896692    15
0 JACK-002
1 68417U 26067B   26274.87594362  .00003546  00000-0  16534-3 0  9992
2 68417  97.4703 232.3058 0000139 169.1772 190.9467 15.20525502 28156
0 ION SCV-019
1 68435U 26067V   26275.23662835  .00002697  00000-0  12714-3 0  9996
2 68435  97.4686 232.5481 0010589  36.0779 324.1169 15.20309856 28205
IO-1
1 98348C 26067BQ  26089.56125831 -.00083000  00000+0 -84054-2 0    07
2 98348  97.7477  49.0697 0002170   6.1545 320.6790 14.91078349    15
0 HADES-SA (SPINNYONE)
1 68446U 26067AG  26274.68581068  .00011336  00000-0  49376-3 0  9998
2 68446  97.4522 231.7036 0008928  71.4267 288.7939 15.22338024 28113
GRAVITAS
1 98355C 26066BB  26089.55429037 -.00066622  00000+0 -66475-2 0    06
2 98355  97.7519  49.0603 0001441 291.2423 358.1870 14.91667363    14
GEMS2 AMETHYST
1 98354C 26066BE  26089.56114338 -.00079475  00000+0 -80259-2 0    07
2 98354  97.7510  49.0679 0003524 323.0444   3.1677 14.91186189    12
GARAI B
1 98361C 26067AN  26089.50366734 -.00003564  00000+0 -18032-3 0    06
2 98361  97.4484  49.1644 0003509  15.7336 358.6906 15.17105218    14
FOSSASAT-2E
1 98351C 26067BT  26089.56152220 -.00073743  00000+0 -73055-2 0    05
2 98351  97.7527  49.0666 0002264 140.9448 187.2918 14.91955055    11
FGN 100 D3
1 98360C 26067AR  26089.50501456 -.00022081  00000+0 -11164-2 0    00
2 98360  97.4449  49.1646 0003388  23.7550 358.0272 15.17137345    14
0 ERMIS3
1 68425U 26067K   26274.88177521  .00003197  00000-0  15251-3 0  9993
2 68425  97.4719 232.1954 0001574  35.6007 324.5333 15.19801856 28140
0 ERMIS2
1 68420U 26067E   26274.88916641  .00005609  00000-0  25280-3 0  9995
2 68420  97.4597 232.2204 0001337 110.8361 249.3018 15.21439493 28167
0 DB-BECON-2-VU
1 68468U 26067BE  26274.87918163  .00004693  00000-0  22625-3 0  9999
2 68468  97.4669 231.8017 0008434  55.2808 304.9219 15.19165921 28125
0 EMISAR
1 68427U 26067M   26274.87406918  .00004917  00000-0  22548-3 0  9997
2 68427  97.4680 232.2598 0001971  44.8074 315.3320 15.20907213 28152
0 DISCO-2
1 68431U 26067R   26274.84417611  .00004750  00000-0  22070-3 0  9996
2 68431  97.4734 232.2799 0002538  34.9834 325.1568 15.20469160 28140
0 FEMTO-1
1 68419U 26067D   26274.87666041  .00001677  00000-0  82356-4 0  9997
2 68419  97.4674 232.0903 0000418 155.4782 204.6473 15.19454462 28143
0 COSMO
1 68460U 26067AW  26275.11013083  .00007868  00000-0  36976-3 0  9997
2 68460  97.4612 231.9671 0007846  65.5536 294.6517 15.19842670 28163
BRO 19
1 98364U          26095.63073419 +.00006059 +00000+0 +29926-3 0 00154
2 98364  97.4429  55.1931 0002637 103.8937 256.2591 15.18233373000938
0 BLACK KITE-2
1 68474U 26067BL  26274.85949055  .00000974  00000-0  99236-4 0  9999
2 68474  97.7678 231.6604 0000600 227.8715 132.2454 14.92969210 27648
0 FEMTO-1
1 68419U 26067D   26274.87666041  .00001677  00000-0  82356-4 0  9997
2 68419  97.4674 232.0903 0000418 155.4782 204.6473 15.19454462 28143
Unknown 2 - T16
1 98345C 26066AB  26089.50170542 -.00003004  00000+0 -14893-3 0    07
2 98345  97.4431  49.1553 0000362 126.4920 237.1910 15.17819254    18
Unknown 5 - T16
1 98342C 26066H   26089.49848319 -.00017647  00000+0 -86272-3 0    04
2 98342  97.4377  49.1533 0003071 132.7149 213.3884 15.18310102    10
0 OUT OF THE BOX
1 68428U 26067N   26274.86208511  .00001748  00000-0  86601-4 0  9996
2 68428  97.4712 232.0386 0002196  42.5788 317.5617 15.19089233 28131
0 FFLY-1
1 65320U 25188F   26275.28757897  .00000857  00000-0  88060-4 0  9991
2 65320  97.7291 348.6718 0009859 170.7967 189.3435 14.92860549 59889
0 ELEKTRO-L 5
1 67756U 26028A   26274.75959998 -.00000101  00000-0  00000-0 0  9994
2 67756   0.0496  44.8991 0001588 129.6749 185.4517  1.00271519  2310
0 CANVAS
1 68635U 26074J   26275.12621387  .00007246  00000-0  27440-3 0  9998
2 68635  60.0215 126.5716 0036781  98.0795 262.4462 15.27300468 27118
0 RAWHIDE-1
1 68629U 26074C   26274.98300363  .00001546  00000-0  71882-4 0  9999
2 68629  60.0190 128.1521 0038500  97.6511 262.8945 15.25054777 27079
0 OBJECT E
1 68631U 26074E   26274.97450541  .00001838  00000-0  82825-4 0  9998
2 68631  60.0195 128.1059 0036285  99.0050 261.5140 15.25291138 27072
0 LPNTSAT-002
1 68409U 26065B   26275.24491556  .00003526  00000-0  16473-3 0  9994
2 68409  97.3822 153.6040 0013349 353.1902   6.9150 15.20380537 28502
0 OBJECT A
1 67646U 26021A   26275.16090981  .00002980  00000-0  12885-3 0  9992
2 67646  97.4492 348.2060 0011209 151.3807 208.8048 15.23195383 37153
0 PRAETORIAN SDA_610
1 65573U 25203J   26275.22755630  .00000049  00000-0  33794-4 0  9993
2 65573  81.2968 271.7135 0005605 268.4996  91.5518 13.83535244 53496
0 MR-1
1 67557U 26015B   26275.24317464  .00000061  00000-0  74011-4 0  9991
2 67557  88.9956 257.6687 0005093 113.4413 246.7275 13.52675811 34180
0 CENTISPACE-2 S8
1 68357U 26060H   26274.86043931  .00000336  00000-0  24769-3 0  9991
2 68357  54.9945 343.4456 0010415 277.6789  82.3001 14.15876186 28150
0 MR-2
1 67556U 26015A   26274.86858391  .00000045  00000-0  49026-4 0  9996
2 67556  88.9954 257.7064 0005016 114.7049 245.4625 13.52701408 34133
0 RAWHIDE-2
1 68632U 26074F   26275.03347846  .00001432  00000-0  66494-4 0  9994
2 68632  60.0290 127.4408 0036062 100.5564 259.9583 15.25629957 27087
0 OPTISAT
1 68418U 26067C   26275.19393267  .00002679  00000-0  12844-3 0  9996
2 68418  97.4719 232.5378 0000688 325.1759  34.9431 15.19770815 28198
0 ICEYE-X59
1 66752U 25276CQ  26274.73974645  .00002556  00000-0  20461-3 0  9998
2 66752  97.4547 341.5964 0000644  65.5896 294.5396 15.01014917 46253
0 ICEYE-X60
1 66753U 25276CR  26275.22963385  .00002045  00000-0  12963-3 0  9994
2 66753  97.4093 344.5851 0003035  51.0025 309.1474 15.09999888 46526
0 MAGNARO-II
1 68798U 26088G   26274.90026315  .00002448  00000-0  15635-3 0  9990
2 68798  97.5223  62.1101 0020112  76.6449 283.7021 15.09422662 24399
0 MAGNARO-II
1 68798U 26088G   26274.90026315  .00002448  00000-0  15635-3 0  9990
2 68798  97.5223  62.1101 0020112  76.6449 283.7021 15.09422662 24399
0 ORIGAMISAT-2
1 68795U 26088D   26275.19666647  .00006531  00000-0  39527-3 0  9990
2 68795  97.5211  62.4775 0015491  73.4308 286.8622 15.10856644 24446
0 OBJECT A
1 68792U 26088A   26274.90805244  .00002337  00000-0  15749-3 0  9993
2 68792  97.5218  61.6437 0015503 102.0265 258.2702 15.07543468 24367
0 OBJECT F
1 68797U 26088F   26275.03868153  .00004045  00000-0  25446-3 0  9994
2 68797  97.5205  62.2079 0016325  73.7256 286.5767 15.09664559 24412
0 OBJECT B
1 68793U 26088B   26275.15382691  .00002482  00000-0  16656-3 0  9997
2 68793  97.5222  61.9212 0016756  97.1090 263.2044 15.07635825 24407
0 OBJECT E
1 68796U 26088E   26274.93649455  .00002042  00000-0  13225-3 0  9990
2 68796  97.5218  62.0455 0016856  74.5426 285.7663 15.09144369 24393
0 LPNTSAT-001
1 68408U 26065A   26274.61277136  .00001512  00000-0  75346-4 0  9997
2 68408  97.3832 152.7979 0016249 359.2220   0.8987 15.18975006 28414
0 BLACKCAT
1 67369U 26004G   26274.95498431  .00000463  00000-0  56542-4 0  9996
2 67369  97.8056 271.6527 0007856 143.3913 216.7842 14.87888805 39164
0 FFLY-2
1 65322U 25188H   26275.26669048  .00000415  00000-0  45382-4 0  9991
2 65322  97.7278 348.6373 0013796 125.5372 234.7137 14.92868399 59881
0 BALKAN-2
1 69024U 26100AW  26275.23736087  .00003048  00000-0  14057-3 0  9993
2 69024  97.3914 171.0938 0003328  17.9976 342.1377 15.20995206 23078
0 PEARL-1A
1 68990U 26100L   26274.93067193  .00001215  00000-0  12771-3 0  9990
2 68990  97.7162 170.0543 0005676 154.8305 205.3191 14.91225548 22608
SNAPPY
1 98309U          26123.29305556  .00000000  00000-0  50000-4 0    00
2 98309  97.3900  21.0349 0014528   0.0000 144.7244 15.20279983    00
0 BALKAN-2
1 69024U 26100AW  26275.23736087  .00003048  00000-0  14057-3 0  9993
2 69024  97.3914 171.0938 0003328  17.9976 342.1377 15.20995206 23078
0 BRO-21
1 69007U 26100AD  26275.24303701  .00001875  00000-0  85178-4 0  9997
2 69007  97.3900 171.3351 0009177  48.1391 312.0627 15.21967733 23081
0 BUSANSAT
1 68989U 26100K   26274.93921248  .00001055  00000-0  11170-3 0  9992
2 68989  97.7245 170.1889 0006998 131.3073 228.8749 14.91181837 22603
0 DRISHTI
1 69010U 26100AG  26275.14916971  .00001429  00000-0  67773-4 0  9995
2 69010  97.3892 170.9949 0006002  30.8642 329.2945 15.20880899 23061
0 EYCORE-1
1 69011U 26100AH  26274.66017732  .00002718  00000-0  12416-3 0  9994
2 69011  97.3897 170.6018 0005507  39.8644 320.2996 15.21408746 22997
0 SELENE
1 69020U 26100AS  26274.66555433  .00003206  00000-0  14841-3 0  9996
2 69020  97.3888 170.4269 0003583 357.5397   2.5820 15.20832322 22985
0 HELIOS
1 69021U 26100AT  26275.17077140  .00003672  00000-0  16771-3 0  9999
2 69021  97.3869 170.9362 0004193 358.9398   1.1828 15.21202022 23060
0 FRONTIERSAT
1 69015U 26100AM  26274.66759249  .00004776  00000-0  20516-3 0  9990
2 69015  97.3847 170.7881 0009199  40.1317 320.0598 15.23123477 23026
0 GEMINI-POLLUX
1 69000U 26100W   26275.13585419  .00001415  00000-0  14299-3 0  9991
2 69000  97.7176 170.5775 0000743  94.8399 265.2905 14.92572103 22650
0 NULINK-2
1 68994U 26100Q   26274.70538129  .00000456  00000-0  49494-4 0  9990
2 68994  97.7189 170.2374 0001392  41.7156 318.4169 14.92778632 22591
0 OBJECT Y
1 69002U 26100Y   26133.16667823  .00039316  00000-0  36618-2 0  9998
2 69002  97.7019  30.4227 0010353 160.6012  60.3080 14.94099745  1301
0 PEARL-1B
1 68980U 26100A   26275.30457177  .00001011  00000-0  10803-3 0  9994
2 68980  97.7217 170.4278 0007925 141.8210 218.3571 14.90911623 22642
HYDRA-3
1 98308U          26123.40776256  .00000000  00000-0  50000-4 0    01
2 98308  97.3900  21.9297 0014528   0.0000  48.1116 15.20279983    05
0 CRYOSAT 2
1 36508U 10013A   26275.25227501  .00000065  00000-0  15440-4 0  9992
2 36508  92.0250 303.2857 0002154  89.4101 270.7353 14.51904849873612
0 PEXT
1 64874U 25154F   26275.16390212  .00001800  00000-0  84317-4 0  9998
2 64874  97.3850 338.1360 0001137 269.9704  90.1401 15.20972753 66105
0 CENTISPACE-1 S11
1 62580U 25007F   26275.22545043 -.00000079  00000-0  58018-4 0  9995
2 62580  54.9767 276.7517 0009771 317.6382  42.3819 13.80627139 89510
0 SDA_1667
1 65977U 25230D   26274.93190761  .00000119  00000-0  10101-3 0  9990
2 65977  81.2962 113.6484 0001091  60.9336 299.1929 13.81448667 48527
0 IRIS
1 39197U 13033A   26274.55729105  .00000536  00000-0  67379-4 0  9994
2 39197  97.9259 113.4917 0023819 333.9552  26.0463 14.86059446716171
0 ICEYE-X54
1 64570U 25135AU  26275.26354071  .00001873  00000-0  17668-3 0  9998
2 64570  97.7813  28.7269 0001660 356.5725   3.5484 14.94978391 69890
0 ICEYE-X75
1 68497U 26067CK  26274.85449207  .00000520  00000-0  56407-4 0  9998
2 68497  97.7723 231.6102 0001257  21.2580 338.8691 14.92305825 27634
0 VEGA
1 68430U 26067Q   26275.10992466  .00004687  00000-0  21856-3 0  9991
2 68430  97.4619 232.2783 0001760  69.2925 290.8499 15.20355664 28180
0 SDA_1684
1 65994U 25230W   26274.92608090  .00000100  00000-0  88239-4 0  9995
2 65994  81.2979 114.4844 0000380  58.9506 301.1685 13.78101497 48479
0 AEPEX
1 68506U 26067CU  26274.85952748  .00003667  00000-0  17155-3 0  9999
2 68506  97.4639 232.0521 0004987  78.3740 281.8055 15.20379278 28022
0 BUSANSAT
1 68989U 26100K   26274.93921248  .00001055  00000-0  11170-3 0  9992
2 68989  97.7245 170.1889 0006998 131.3073 228.8749 14.91181837 22603
0 ORBASTRO-JEN1
1 69006U 26100AC  26274.64224625  .00003333  00000-0  15371-3 0  9994
2 69006  97.3902 170.4859 0010476 358.8823   1.2387 15.20897719 22983
0 MENUT
1 55010U 23001B   26275.08129750  .00145849  00000-0  72624-3 0  9996
2 55010  97.2957 347.6464 0001835 135.7597 224.3819 15.81504341209169
0 PLATERO
1 58262U 23174G   26274.84300392  .00034886  00000-0  27201-3 0  9994
2 58262  97.3920  18.4962 0003964  61.1478 299.0182 15.71621787162896
0 EWS-G3
1 35491U 09033A   26275.12339535 -.00000007  00000-0  00000-0 0  9998
2 35491   1.9591  81.5057 0002317 116.0155 288.3749  1.00069951  7668
IGS Radar 5
1 42072U 17015A   26266.89486211 0.00000000  00000-0  00000-0 0    03
2 42072  97.3603 336.5545 0001726 316.5577  43.4422 15.25982129    09
0 DEIMOS 1
1 35681U 09041A   26275.28175096  .00000477  00000-0  77392-4 0  9997
2 35681  97.7556  67.9688 0001358 137.4316 222.6999 14.75327751922677
0 NOAA 6
1 11416U 79057A   26275.07983632  .00000109  00000-0  53108-4 0  9992
2 11416  98.5562 303.7637 0008947 304.6951  55.3391 14.35542821466293
0 ICEYE-X78
1 68995U 26100R   26274.72075850  .00000612  00000-0  65957-4 0  9996
2 68995  97.7222 170.1240 0003575 115.1022 245.0569 14.91917284 22589
0 BRO-22
1 69504U 26132C   26275.16201184  .00000047  00000-0  86289-5 0  9992
2 69504  97.6732 337.4550 0017801 265.0993  94.8198 14.99941377 16817
0 DAQI-2
1 68760U 26084A   26275.19274465  .00000189  00000-0  51748-4 0  9994
2 68760  98.2785 348.8512 0002985 115.3350 244.8158 14.57596766 24487
0 PRAETORIAN SDA_613
1 65576U 25203M   26275.22534220  .00000044  00000-0  29943-4 0  9992
2 65576  81.2958 272.0029 0004561 262.4422  97.6216 13.82773705 53477
0 SDA_1664
1 65974U 25230A   26274.90455525  .00000095  00000-0  83066-4 0  9990
2 65974  81.2965 114.3911 0001304  45.1915 314.9344 13.78096944 48479
0 OBJECT G
1 64882U 25155G   26275.26526358  .00005864  00000-0  19746-3 0  9998
2 64882  97.4726 244.3458 0008047 144.6360 215.5416 15.31132972 97136
0 OBJECT J
1 64884U 25155J   26275.26493651  .00005732  00000-0  19305-3 0  9994
2 64884  97.4713 244.2948 0008815 135.6304 224.5645 15.31126432 97136
0 NULINK-1
1 69002U 26100Y   26274.96081619  .00000334  00000-0  37629-4 0  9998
2 69002  97.7210 170.5531 0002392  35.2168 324.9209 14.92897309 22621
0 SPACEMOBILE-008
1 69589U 26139A   26275.02921776  .00001039  00000-0  74977-4 0  9995
2 69589  52.9946 137.4291 0002346 304.9964  55.0807 15.13021258 16157
0 FENGYUNG-4C
1 67246U 25312A   26274.99325449 -.00000327  00000-0  00000-0 0  9997
2 67246   0.0199  14.2395 0001133 271.1606 215.9480  1.00269916  2949
0 SPACEMOBILE-010
1 69591U 26139C   26275.04761168  .00000849  00000-0  64726-4 0  9996
2 69591  52.9939 137.5352 0002587 280.2891  79.7808 15.12776582 16164
0 SPACEMOBILE-009
1 69590U 26139B   26275.03662494  .00001023  00000-0  74255-4 0  9999
2 69590  52.9937 137.4621 0002498 295.6196  64.4536 15.12916402 16153
0 OBJECT F
1 68203U 26052F   26274.72272652  .00002907  00000-0  16976-3 0  9998
2 68203  97.5233 348.1113 0008968 302.6436  57.3929 15.12685459 30156
0 HOKUSHIN1
1 69648U 98067YJ  26275.12982099  .00020142  00000-0  30490-3 0  9993
2 69648  51.6298 128.4535 0005965 233.9965 126.0473 15.54635923 16267
0 OBJECT D
1 69100U 26106D   26275.25698775  .00000810  00000-0  48937-4 0  9996
2 69100  97.5070 355.5691 0001629  89.0418 271.1000 15.13460301 21163
0 OBJECT E
1 68202U 26052E   26275.02389706  .00003591  00000-0  21049-3 0  9997
2 68202  97.5240 348.3396 0009907 309.2481  50.7870 15.12387494 30199
0 OBJECT E
1 69101U 26106E   26275.27928520  .00003658  00000-0  21244-3 0  9997
2 69101  97.5007 355.5170 0017081 157.7685 202.4290 15.12621591 21161
0 TERRA
1 25994U 99068A   26275.26082503  .00000142  00000-0  37772-4 0  9996
2 25994  97.9339 320.5016 0001081 225.6055 208.5815 14.61168478425245
COCONUT
1 98292U          26183.37500000  .00000100  00000+0  13146-3 0  9993
2 98292  51.6458 224.8870 0010677 125.5812  33.0212 15.48446246 57363
PROVES - Electra
1 98290U 26002A   26183.44444444  .00002000  00000-0  10000-4 0  9997
2 98290 051.6561 224.5631 0008446 154.9191 031.3137 15.47694428000018
PROVES - Alcyone
1 98289U 26003B   26183.36805556  .00002000  00000-0  10000-4 0  9992
2 98289 051.6206 224.9162 0004402 050.6302 069.1834 15.50413163000011
PROVES - Atlas
1 98288U 26003A   26183.36805556  .00002000  00000-0  10000-4 0  9991
2 98288 051.6206 224.9162 0004402 050.6302 069.1834 15.50413163000010
0 HUCSAT
1 69794U 98067YK  26274.97584446  .00025622  00000-0  38423-3 0  9993
2 69794  51.6289 129.6690 0008408 219.3831 140.6549 15.54718078 14233
0 LEMUR 2 MJR092620
1 58340U 23174CN  26275.03713211  .00013993  00000-0  26491-3 0  9997
2 58340  97.3946   7.2987 0006359  92.4063 267.7916 15.48467639162167
0 ICEYE-X71
1 68494U 26067CG  26274.39431382  .00005122  00000-0  40645-3 0  9998
2 68494  97.7708 231.4862 0001033 113.7072 246.4260 15.00951549 27591
0 ICEYE-X64
1 67373U 26004L   26275.24436055  .00000412  00000-0  50748-4 0  9994
2 67373  97.8095 272.1504 0006948 133.6833 226.4960 14.88091968 39219
0 ICEYE-X63
1 67372U 26004K   26275.24364232  .00000422  00000-0  51344-4 0  9994
2 67372  97.8081 272.2620 0005351 124.6052 235.5671 14.88456626 39220
0 ICEYE-X39
1 60546U 24149CG  26274.73837363  .00001404  00000-0  11741-3 0  9998
2 60546  97.6688 350.3439 0010922 138.8010 221.4040 15.00046674116092
0 OBJECT G
1 69588U 26138G   26274.96284496 -.00000031  00000-0  82585-4 0  9992
2 69588  55.1392 248.5599 0005969 251.4922 108.5396 13.96781557 15111
0 OBJECT B
1 69583U 26138B   26275.13941980 -.00116335  00000-0 -85854-1 0  9990
2 69583  55.1401 248.2174 0004814 254.7266 105.3167 13.95947892 15136
0 CUBY-2
1 69881U 26156N   26274.91138842  .00000220  00000-0  27751-4 0  9999
2 69881  97.7395 173.7600 0003793 178.5737 181.5493 14.91094405 12908
0 KOSTKA
1 69935U 26156BU  26274.48583849  .00001481  00000-0  14867-3 0  9995
2 69935  97.7386 173.5394 0008593 222.0892 137.9668 14.92776962 12855
0 MARINA
1 69920U 26156BD  26274.65099999  .00001120  00000-0  11535-3 0  9995
2 69920  97.7431 173.6776 0006223 219.5638 140.5128 14.92214016 12872
0 IPOS-TDSM
1 69913U 26156AW  26274.71510314  .00000700  00000-0  76306-4 0  9994
2 69913  97.7486 173.6539 0001793 194.3482 165.7686 14.91056271 12879
0 BRO-31
1 69896U 26156AD  26274.71769253  .00000729  00000-0  77078-4 0  9990
2 69896  97.7436 173.7505 0006352 222.7371 137.3355 14.92178391 12885
0 FOSSASAT2E26
1 69899U 26156AG  26274.96707906  .00000797  00000-0  85541-4 0  9996
2 69899  97.7422 173.8676 0004385 187.9141 172.2009 14.91331419 12913
0 CUBY-1
1 69902U 26156AK  26274.97631157  .00000863  00000-0  92407-4 0  9999
2 69902  97.7399 173.8331 0003605 177.9621 182.1613 14.91199262 12914
0 CUBY-3
1 69875U 26156G   26274.71364352  .00000256  00000-0  31376-4 0  9994
2 69875  97.7413 173.5775 0003143 173.3616 186.7644 14.91076286 12879
0 CUBY-4
1 69874U 26156F   26274.71766415  .00000350  00000-0  40992-4 0  9998
2 69874  97.7427 173.5863 0002669 172.0778 188.0484 14.91004225 12879
0 CUBY-5
1 69907U 26156AQ  26274.71413639  .00000909  00000-0  97380-4 0  9995
2 69907  97.7405 173.5684 0003198 175.3592 184.7656 14.91059139 12879
0 CENTAURI-9
1 69924U 26156BH  26274.71244348  .00000378  00000-0  42561-4 0  9994
2 69924  97.7427 173.7486 0007160 218.5858 141.4850 14.92237493 12881
0 CLOUDCT-PRECURSOR
1 69939U 26156BY  26274.95750777  .00000640  00000-0  67581-4 0  9995
2 69939  97.7478 174.0973 0008405 229.8699 130.1785 14.92653631 12922
0 CYBERCUBE
1 69938U 26156BX  26274.95376516  .00001728  00000-0  17230-3 0  9992
2 69938  97.7399 174.0209 0008400 217.1409 142.9230 14.92826564 12922
0 ION SCV-023
1 69876U 26156H   26274.72916052  .00000479  00000-0  52728-4 0  9997
2 69876  97.5909 172.5401 0005733 215.1872 144.8970 14.91836238 12888
0 KITA-36
1 69909U 26156AS  26274.95509056  .00002614  00000-0  26631-3 0  9997
2 69909  97.7432 173.9099 0004616 196.5327 163.5742 14.91549490 12912
0 KITA-53
1 69904U 26156AM  26275.14514444  .00000719  00000-0  76911-4 0  9992
2 69904  97.7416 174.0912 0005218 206.3854 153.7100 14.91729041 12831
0 KOYO
1 69916U 26156AZ  26274.71336176  .00001375  00000-0  14406-3 0  9990
2 69916  97.7425 173.5902 0002291 173.1421 186.9829 14.91159765 12876
MAVERIC
1 98271C 26156AK  26188.34183753 -.00015096  00000-0 -29727-2 0  9998
2 98271  97.7585  88.7954 0008957 150.5475 209.6785 14.92155297    10
Navigator
1 98270U          26195.71723136 +.00001334 +00000+0 +13575-3 0 00174
2 98270  97.7561  96.0597 0010651 125.6582 234.5631 14.92377320001105
0 OASIS ALPHA
1 69936U 26156BV  26274.69037149  .00000845  00000-0  87407-4 0  9990
2 69936  97.7386 173.7325 0008692 221.0159 139.0408 14.92658880 12883
0 RAFS
1 69923U 26156BG  26274.71925569  .00000792  00000-0  83355-4 0  9990
2 69923  97.7420 173.7306 0006499 218.6543 141.4212 14.92146915 12880
0 REPLICATOR-2
1 69927U 26156BL  26274.97580226  .00000352  00000-0  39903-4 0  9991
2 69927  97.7442 174.0348 0007110 225.2827 134.7814 14.92322286 12754
0 SCION-X
1 69880U 26156M   26274.97441939  .00000912  00000-0  97202-4 0  9994
2 69880  97.7358 173.7921 0004472 173.5732 186.5545 14.91247458 12919
0 OBJECT AU
1 69911U 26156AU  26274.72677577  .00000794  00000-0  86242-4 0  9991
2 69911  97.7444 173.5931 0001798 162.5014 197.6267 14.90850706 12872
0 TOM-1
1 69872U 26156D   26274.65939132  .00000660  00000-0  72646-4 0  9992
2 69872  97.7422 173.5030 0003654 160.8435 199.2922 14.90839576 12862
0 TOM-2
1 69914U 26156AX  26274.79185400  .00000688  00000-0  75399-4 0  9993
2 69914  97.7465 173.6857 0002826 160.6815 199.4511 14.90871630 12889
0 TOM-3
1 69906U 26156AP  26274.71416519  .00000551  00000-0  61335-4 0  9998
2 69906  97.7379 173.5422 0003759 179.3563 180.7661 14.90990145 12875
0 SPEAR-1C
1 69897U 26156AE  26274.72418420  .00000917  00000-0  98528-4 0  9991
2 69897  97.7475 173.6295 0001247 178.5974 181.5248 14.90910145 12879
0 MARMOTSAT
1 69912U 26156AV  26274.65272519  .00000865  00000-0  93149-4 0  9994
2 69912  97.7461 173.5543 0001861 176.7542 183.3689 14.90981142 12863
Unknown 1 T17
1 98259U          26194.91865210 +.00001488 +00000+0 +15610-3 0 00163
2 98259  97.7581  95.2617 0005175 106.4647 253.7140 14.91010768000984
0 ANDURIL-216
1 69879U 26156L   26274.94865286  .00000904  00000-0  95442-4 0  9999
2 69879  97.7456 173.9306 0004551 206.9456 153.1527 14.91661744 12915
0 6GSTARLAB
1 66683U 25276T   26274.99677984  .00001586  00000-0  79253-4 0  9991
2 66683  97.4151 346.4217 0005469 358.8171   1.3050 15.18884031 46617
0 CUBY-5
1 69907U 26156AQ  26274.71413639  .00000909  00000-0  97380-4 0  9995
2 69907  97.7405 173.5684 0003198 175.3592 184.7656 14.91059139 12879
0 OBJECT YN
1 69798U 98067YP  26274.90512249  .00020432  00000-0  30962-3 0  9996
2 69798  51.6301 129.9458 0009309 226.7040 133.3175 15.54569747 14222
Unknown 3 T17
1 98255U          26195.71723136 +.00001334 +00000+0 +13575-3 0 00177
2 98255  97.7561  96.0597 0010651 125.6582 234.5631 14.92377320001108
SOLARAS
1 98254U 26164B   26199.44281513  .00001536  00000-0  46956-4 0  9991
2 98254  59.9267 304.7361 0006750 269.2869  90.7445 15.39721932    25
0 STARS-X
1 69502U 26132A   26275.14747861 -.00000016  00000-0  35373-5 0  9990
2 69502  97.6807 337.3721 0011583 273.7869  86.2030 14.99289998 16809
BLUEBIRD-11
1 98251U 26179A   26218.64274344  .00000454  00000-0  42287-4 0  9993
2 98251  52.9983 322.0568 0005119 345.9465  14.1382 15.13013622   206
BLUEBIRD-12
1 98250U 26179B   26218.64260137  .00000469  00000-0  42962-4 0  9993
2 98250  52.9975 322.0527 0005554 353.1869   6.9046 15.13182797   209
BLUEBIRD-13
1 98249U 26179C   26218.64251177  .00000364  00000-0  37054-4 0  9995
2 98249  52.9998 322.0550 0005443 357.5559   2.5404 15.13288669   204
JAMX01
1 98248U 26195A   26271.45974307  .00002799  00000-0  17839-3 0  9999
2 98248  97.5372 344.6814 0014374 136.2250 224.0121 15.09471827  5173
BY70-4
1 98247U 26195E   26271.45055954  .00002081  00000-0  13219-3 0  9998
2 98247  97.5337 344.6797 0013256 149.3429 210.8577 15.09880888  5184
TRISAT-S
1 98406U 26203D   26271.27316494  .00001608  00000-0  12112-3 0  9999
2 98406  97.4190 345.6347 0057512 199.1935 160.7125 15.02570599  3376
SpaceTeamSat1
1 99416U 26203A   26270.74132267  .00003005  00000-0  22253-3 0  9996
2 99416  97.4200 345.1244 0057817 201.3196 158.5620 15.02536248  3293
FRAMSAT-1
1 98914U 26203B   26271.47389503  .00002287  00000-0  17046-3 0  9991
2 98914  97.4195 345.8258 0057858 198.6419 161.2688 15.02528277  3402
0 PLATFORM-6
1 98405U 26203C   26271.20700010  .00002778  00000-0  20591-3 0  9991
2 98405  97.4188 345.5693 0058017 199.3897 160.5122 15.02555097  3365
CyBEEsat
1 98528U 26203E   26271.27264638  .00002094  00000-0  15615-3 0  9997
2 98528  97.4193 345.6359 0057538 198.9586 160.9499 15.02620260  3371
0 YAM-17
1 69884U 26156R   26274.72499364  .00000870  00000-0  94575-4 0  9999
2 69884  97.5575 172.1738 0001482  69.3507 290.7870 14.90461678 12876
0 YAM-12
1 69003U 26100Z   26275.04759881  .00000810  00000-0  88716-4 0  9994
2 69003  97.7742 170.6320 0001743  68.4334 291.7069 14.90450156 22607
0 YAM-14
1 69008U 26100AE  26274.97158624  .00000095  00000-0  15408-4 0  9991
2 69008  97.7737 170.5800 0001359  74.3207 285.8161 14.90412452 22598
0 YAM-16
1 68992U 26100N   26274.95023014  .00000734  00000-0  78477-4 0  9999
2 68992  97.7222 170.2879 0004188 130.0113 230.1474 14.91694011 22617
0 ICEYE-X72
1 68504U 26067CS  26274.83635653  .00002279  00000-0  19420-3 0  9993
2 68504  97.7752 232.4752 0002770  41.2616 318.8816 14.98771264 27680
0 ICEYE-X58
1 66751U 25276CP  26274.94793539  .00001449  00000-0  75358-4 0  9997
2 66751  97.4108 346.1795 0002555 353.4039   6.7161 15.17611832 46607
0 OBJECT A
1 69737U 26149A   26275.00896418 -.00000028  00000-0  15797-4 0  9996
2 69737  99.3476 280.8774 0000482 118.3181 241.8019 13.79300484 12686
0 OT-FOREST-17 TELPERION
1 68988U 26100J   26274.59961564  .00000907  00000-0  92720-4 0  9994
2 68988  97.7196 169.9314 0006401 135.8704 224.3028 14.92938644 22568
UASAT-NANO
1 98240C 26227B   26274.80996091 -.00011388  00000-0 -11800-2 0  9990
2 98240  97.4461 344.3261 0002389  13.1464 325.4958 15.16280554    14
TITANIA
1 98220C 26227BK  26274.81445050 -.00012866  00000-0 -13077-2 0  9993
2 98220  97.4439 344.3312 0002672  94.8871 268.2676 15.16957706    18
TERRA NOVA
1 98230C 26227AE  26274.81162990 -.00011024  00000-0 -10904-2 0  9994
2 98230  97.4512 344.3269 0004908 158.1879 189.5544 15.17899647    17
SPRITE
1 99299C 26227A   26274.80992503 -.00010333  00000-0 -10121-2 0  9993
2 99299  97.4417 344.3278 0006961 140.1895 198.2668 15.18232164    17
REASON-1
1 98217C 26227BT  26274.81664263 -.00013524  00000-0 -13684-2 0  9994
2 98217  97.4464 344.3338 0002525 110.0324 265.0838 15.17116387    19
RADIX-MK
1 98223C 26227AN  26274.81232781 -.00011057  00000-0 -11022-2 0  9990
2 98223  97.4484 344.3285 0003856 148.0623 203.4964 15.17634363    15
RADIX-A
1 98224C 26227AF  26274.81169471 -.00010844  00000-0 -10796-2 0  9996
2 98224  97.4405 344.3293 0004729 132.4288 215.6897 15.17675104    10
STAR CATCHER-1
1 98216C 26227BV  26274.81720860 -.00013159  00000-0 -13226-2 0  9995
2 98216  97.4426 344.3332 0003531 125.9721 252.2425 15.17347385    18
OTTER 24C
1 98218C 26227BN  26274.81478730 -.00011281  00000-0 -11319-2 0  9998
2 98218  97.4458 344.3316 0003121 133.9748 231.0152 15.17405131    16
OSSIED
1 98221C 26227BL  26274.81462064 -.00012609  00000-0 -12652-2 0  9991
2 98221  97.4462 344.3315 0003041 135.4993 228.5794 15.17406584    10
KENSAT
1 98372C 26227G   26274.81014494 -.00008445  00000-0 -86931-3 0  9993
2 98372  97.4550 344.3230 0001022 324.9566  14.6708 15.16510812    17
ION SCV-026
1 98227C 26227BF  26274.81393429 -.00012018  00000-0 -12101-2 0  9998
2 98227  97.4425 344.3307 0003238 120.6938 239.6455 15.17284299    13
ION SCV-024
1 98226C 26227BR  26274.81572365 -.00012751  00000-0 -12839-2 0  9997
2 98226  97.4423 344.3320 0003333 121.0999 249.0077 15.17284316    18
ION SCV-025
1 98228C 26227AX  26274.81322480 -.00011694  00000-0 -11705-2 0  9996
2 98228  97.4439 344.3300 0003637 134.5733 221.8902 15.17490404    19
HRM-01
1 98231C 26227AL  26274.81218198 -.00011982  00000-0 -12209-2 0  9990
2 98231  97.4437 344.3291 0002319  85.9134 264.8585 15.16869910    15
GUARANISAT-2
1 98236C 26227AW  26274.81313568 -.00012338  00000-0 -12237-2 0  9999
2 98236  97.4510 344.3294 0004286 160.3459 195.6167 15.17809142    17
GPDM
1 98237C 26227Z   26274.81113915 -.00011759  00000-0 -12013-2 0  9992
2 98237  97.4392 344.3294 0002929  75.0783 270.0108 15.16775558    15
GOMX-5
1 98239C 26227X   26274.81102920 -.00010276  00000-0 -10125-2 0  9993
2 98239  97.4397 344.3292 0006166 137.9204 206.5670 15.18026541    14
ELEAF-01
1 98233C 26227AD  26274.81133476 -.00011212  00000-0 -11420-2 0  9997
2 98233  97.4475 344.3274 0001547  92.8526 253.2870 15.16885440    19
CRIMSON-1
1 98238C 26227N   26274.81047943 -.00010815  00000-0 -11087-2 0  9992
2 98238  97.4377 344.3296 0003080  63.8188 277.6723 15.16655233    17
BRO-32
1 98229C 26227AP  26274.81236601 -.00011522  00000-0 -11510-2 0  9990
2 98229  97.4449 344.3291 0003866 137.9349 213.8394 15.17562382    15
BRO-23
1 98234C 26227F   26274.81011022 -.00010897  00000-0 -11282-2 0  9994
2 98234  97.4426 344.3276 0002775  26.9235 312.5414 15.16307263    12
BABY BIRD
1 98232C 26227AD  26274.81133476 -.00011212  00000-0 -11420-2 0  9996
2 98232  97.4475 344.3274 0001547  92.8526 253.2870 15.16885440    18
ATHENE-1
1 98222C 26227BH  26274.81416693 -.00010823  00000-0 -10965-2 0  9990
2 98222  97.4436 344.3309 0002725 105.2563 256.3508 15.17070733    16
ALTAIR-1
1 98219C 26227BJ  26274.81436022 -.00012204  00000-0 -12359-2 0  9998
2 98219  97.4459 344.3312 0002351 108.8776 253.7798 15.17083655    10
AE4LA
1 98235C 26227M   26274.81053414 -.00010085  00000-0 -99381-3 0  9992
2 98235  97.4430 344.3257 0004815 137.6194 204.2261 15.18033782    19